ID	Order	Title	ID	Location	Size (Sq. Ft)	Role	Worksheet Role	Designed By	Worksheet Designed By	Architecture by	Worksheet Architecture	Categories	Permalink	Image Featured	Slug
439	1	Boqueria Restaurant	439	Midtown	10500	General Contractor	#N/A	Studio Razavi	#N/A		#N/A	Commercial	https://www.streamlineusa.com/commercial/boqueria-restaurant/	http://www.streamlineusa.com/wp-content/uploads/2019/12/Featured-1-scaled.jpg	boqueria-restaurant
552	1	Duane Street Penthouse	552	Tribeca	4000	General Contractor	#N/A	Dean Winters and Diana Gomez	#N/A	SWA Architecture	#N/A	Residential	https://www.streamlineusa.com/residential/duane-street-penthouse/	http://www.streamlineusa.com/wp-content/uploads/2019/12/20210310_129DuaneSt-3975-2-scaled.jpg	duane-street-penthouse
436	2	Sugarcane Raw Bar And Grill	436	Brooklyn	12500	General Contractor + Millwork	#N/A	CetraRuddy Design	#N/A	Lawrence Jones Architecture	#N/A	Commercial	https://www.streamlineusa.com/commercial/sugar-cane-raw-bar-and-grill/	http://www.streamlineusa.com/wp-content/uploads/2019/12/Sugarcane-Featured.jpg	sugar-cane-raw-bar-and-grill
2306	2	e64th St Townhouse	2306	Lenox Hill	3800	General Contractor	#N/A	Virginia Tupker Interiors	#N/A	MZA Architecture	#N/A	Residential	https://www.streamlineusa.com/residential/e64-st-townhouse/	http://www.streamlineusa.com/wp-content/uploads/2020/05/20200416_118East64th-3022.jpg	e64-st-townhouse
433	3	Grand Ole Opry City Stage	433	Times Square	22000	Construction Manager	#N/A	SWA Architecture, Morris Nathanson Interior Design	#N/A		#N/A	Commercial	https://www.streamlineusa.com/commercial/grand-ole-opry-city-stage/	http://www.streamlineusa.com/wp-content/uploads/2019/12/OPRY1.jpg	grand-ole-opry-city-stage
570	3	69th St Townhouse	570	Upper West Side	6000	General Contractor + Millwork	#N/A	Fury Design	#N/A		#N/A	Residential	https://www.streamlineusa.com/residential/69th-st-townhouse/	http://www.streamlineusa.com/wp-content/uploads/2019/12/BlackHenselNYC_021-scaled.jpg	69th-st-townhouse
506	4	Spring Studios, Spring Place	506	Tribeca	15000	General Contractor	#N/A	Bluarch Architecture and Design	#N/A		#N/A	Commercial	https://www.streamlineusa.com/commercial/spring-studios-spring-place/	http://www.streamlineusa.com/wp-content/uploads/2019/12/SP2020_3.png	spring-studios-spring-place
531	4	St. Lukes Place townhouse	531	West Village	5500	General Contractor	General Contractor	Barlis Wedlick	Barlis Wedlick	Barlis Wedlick	Barlis Wedlick	Residential	https://www.streamlineusa.com/residential/st-lukes-place-townhouse/	http://www.streamlineusa.com/wp-content/uploads/2019/12/1-1.jpg	st-lukes-place-townhouse
517	5	Hudson Street Penthouse	517	Tribeca	3500	Millwork + Finishes	#N/A	Alex may	#N/A		#N/A	Residential	https://www.streamlineusa.com/residential/hudson-street-penthouse/	http://www.streamlineusa.com/wp-content/uploads/2019/12/Hudson-Featured-1.jpg	hudson-street-penthouse
555	5	Indeed Corporate Office Suite	555	Midtown	36000	Carpentry + Millwork	#N/A	Indeed corporate	#N/A		#N/A	Commercial	https://www.streamlineusa.com/commercial/indeed-corporate-office-suite/	http://www.streamlineusa.com/wp-content/uploads/2019/12/Indeed-Updated-Featured.jpg	indeed-corporate-office-suite
561	6	KITH	561	NoHo	7500	General Contractor	#N/A	Snarkitecture	#N/A		#N/A	Commercial	https://www.streamlineusa.com/commercial/kith/	http://www.streamlineusa.com/wp-content/uploads/2019/12/StreamlineUSA-RET-Kith-03-4.37x3.4.jpg	kith
2842	6	Riverside Drive Apartment	2842	Morningside Heights	2900	General Contractor	#N/A	Samantha Orley Interiors	#N/A	MZA Architecture	#N/A	Residential	https://www.streamlineusa.com/residential/riverside-drive-apartment/	http://www.streamlineusa.com/wp-content/uploads/2022/02/420-riverside-134.jpg	riverside-drive-apartment
546	7	Versa at the Marriott Renaissance	546	Herald Square	18000	Construction Manager	#N/A	Celano Design	#N/A		#N/A	Commercial	https://www.streamlineusa.com/commercial/versa-marriott/	http://www.streamlineusa.com/wp-content/uploads/2019/12/Versa-3.jpg	versa-marriott
2847	7	WARREN ST APT	2847	Tribeca	2600	General Contractor	#N/A	Current Interiors	#N/A	Michael Tower Architecture	#N/A	Residential	https://www.streamlineusa.com/residential/warren-st-apt/	http://www.streamlineusa.com/wp-content/uploads/2022/02/20210222_30WarrenSt-0178.jpg	warren-st-apt
491	8	Kat & Theo	491	Flatiron District	2300	General Contractor + Millwork	#N/A	Aviva Collective	#N/A		#N/A	Commercial	https://www.streamlineusa.com/commercial/kat-theo/	http://www.streamlineusa.com/wp-content/uploads/2019/12/Screen-Shot-2016-03-02-at-1.48.15-PM.jpg	kat-theo
2504	8	12th st townhouse	2504	Greenwich Village	7000	Carpentry Millwork + Finishes	#N/A	Elisabeth de Kergorlay	#N/A		#N/A	Residential	https://www.streamlineusa.com/residential/12th-st-townhouse-greenwich-village/	http://www.streamlineusa.com/wp-content/uploads/2020/07/5th-Ave-Featured-copy.jpg	12th-st-townhouse-greenwich-village
509	9	Burger & Lobster	509	Bryant Park	8500	General Contractor + Millwork	#N/A	MZA Architecture	#N/A		#N/A	Commercial	https://www.streamlineusa.com/commercial/burger-lobster/	http://www.streamlineusa.com/wp-content/uploads/2019/12/BURGERLOBSTER3.jpg	burger-lobster
567	9	Horatio St. Townhouse	567	Meat Packing District	3200	General Contractor + Millwork	General Contractor + Millwork	Tersigni Palachek Design	Tersigni Palachek Design	David Bae Architect	David Bae Architect	Residential	https://www.streamlineusa.com/residential/horatio-st-townhouse/	http://www.streamlineusa.com/wp-content/uploads/2019/12/tersigni-palachek-residential-west-village-02.png	horatio-st-townhouse
512	10	Momofuku KO	512	Bowery	4500	General Contractor	#N/A	Richard Lewis Architecture	#N/A		#N/A	Commercial	https://www.streamlineusa.com/commercial/momofuku-ko/	http://www.streamlineusa.com/wp-content/uploads/2019/12/Momofuku-Featured.jpg	momofuku-ko
1835	10	Lexington Ave Townhouse	1835	Upper East Side	4500	General Contractor	#N/A	Salvatore LaRosa	#N/A	B5 Studio Architects	#N/A	Residential	https://www.streamlineusa.com/residential/lexington-ave-townhouse/	http://www.streamlineusa.com/wp-content/uploads/2020/02/UES-8-e1595540404244.jpg	lexington-ave-townhouse
537	11	West 23rd St. Townhouse	537	Chelsea	2200	General Contractor + Millwork	#N/A	Tersigni Palachek Design	#N/A	Tersigni Palachek Design	#N/A	Residential	https://www.streamlineusa.com/residential/west-23rd-townhouse-2/	http://www.streamlineusa.com/wp-content/uploads/2019/12/W23-Featured.jpg.png	west-23rd-townhouse-2
549	11	Gunter-Seeger	549	West Village	3300	General Contractor + Millwork	General Contractor + Millwork	AWI Interiors	AWI Interiors			Commercial	https://www.streamlineusa.com/commercial/gunter-seeger/	http://www.streamlineusa.com/wp-content/uploads/2019/12/Gunter-3.jpg	gunter-seeger
2850	12	Hudson Yards Mall	2850	Hudson Yards	3500	General Contractor	#N/A	Robert Jaimeson design	#N/A		#N/A	Commercial	https://www.streamlineusa.com/commercial/hudson-yards-mall/	http://www.streamlineusa.com/wp-content/uploads/2022/02/20210222_HudsonYardsMall-0087-scaled.jpg	hudson-yards-mall
2860	12	Wyckoff Townhouse	2860	Boerum Hill	4500	General Contractor	#N/A	Current Interiors, Rachel Kane, and Xandro Aventajado	#N/A		#N/A	Residential	https://www.streamlineusa.com/residential/wyckoff-townhouse/	http://www.streamlineusa.com/wp-content/uploads/2022/02/20211202_118WyckoffSt-0964-scaled.jpg	wyckoff-townhouse
443	13	Mint Kitchen Restaurant	443	West Village	4000	General Contractor	#N/A	Creme	#N/A	MZA Architecture	#N/A	Commercial	https://www.streamlineusa.com/commercial/mint-kitchen-restaurant/	http://www.streamlineusa.com/wp-content/uploads/2019/12/Creme_Mint-Kitchen_HR-11-scaled.jpg	mint-kitchen-restaurant
523	13	Madison Ave Duplex	523	Murray Hill	3400	General Contractor + Millwork	#N/A	Lynch Eisinger Design	#N/A		#N/A	Residential	https://www.streamlineusa.com/residential/madison-ave-duplex-2/	http://www.streamlineusa.com/wp-content/uploads/2019/12/SL-_-Residential-_-215-Madision-_-Residence-3.425x3.jpg	madison-ave-duplex-2
494	14	ViVVI Daycare Tribeca	494	Tribeca	10000	General Contractor	General Contractor	eleven of eleven architecture	eleven of eleven architecture			Commercial	https://www.streamlineusa.com/commercial/vivvi-daycare-tribeca/	http://www.streamlineusa.com/wp-content/uploads/2019/12/11OF11-VIVVI-F.OUDEMAN11-scaled.jpg	vivvi-daycare-tribeca
520	14	Tribeca Loft	520	Tribeca	2500	Millwork + Finishes	#N/A	Bore	#N/A		#N/A	Residential	https://www.streamlineusa.com/residential/tribeca-loft/	http://www.streamlineusa.com/wp-content/uploads/2019/12/Tribeca-Loft-Featured-scaled.jpg	tribeca-loft
540	15	e63rd st Penthouse	540	Lenox Hill	1700	General Contractor + Millwork	#N/A	Jennifer Aderholdt Design	#N/A	SWA Architecture	#N/A	Residential	https://www.streamlineusa.com/residential/e63-st-penthouse/	http://www.streamlineusa.com/wp-content/uploads/2019/12/Upper-East-Side-Penthouse-Featured.jpg	e63-st-penthouse
2853	15	Vivvi Daycare Hudson Yards	2853	Hudson Yards	7500	General Contractor	General Contractor	Eleven of Eleven design	Eleven of Eleven design	Carol Gretter Elven of Eleven architecture	Carol Gretter Elven of Eleven architecture	Commercial	https://www.streamlineusa.com/commercial/vivvi-daycare-hudson-yards/	http://www.streamlineusa.com/wp-content/uploads/2022/02/20210219_55HudsonYards-5373-scaled.jpg	vivvi-daycare-hudson-yards
2396	16	84th st townhouse	2396	Jackson Heights	2200	General Contractor	#N/A	Nathalie Akiya Design	#N/A	SWA Architecture	#N/A	Residential	https://www.streamlineusa.com/residential/84th-st-townhouse/	http://www.streamlineusa.com/wp-content/uploads/2020/05/Jackson-Heights-Featured.png	84th-st-townhouse
2520	16	Haus Nightclub	2520	Lower Manhattan	5500	General Contractor	#N/A	John Rawlins Design	#N/A	SWA Architecture	#N/A	Commercial	https://www.streamlineusa.com/commercial/haus-nightclub/	http://www.streamlineusa.com/wp-content/uploads/2020/07/Haus-Featured.jpg	haus-nightclub
1907	17	Sullivan St duplex	1907	SOHO	6000	Millwork + Finishes	#N/A	Butter and Eggs Design	#N/A	Michael Tower Architecture	#N/A	Residential	https://www.streamlineusa.com/residential/sullivan-st-duplex-2/	http://www.streamlineusa.com/wp-content/uploads/2020/02/DSC_0847-scaled.jpg	sullivan-st-duplex-2
1931	18	Mackage SoHo	1931	SoHo	4500	General Contractor	#N/A	Burdifilek	#N/A		#N/A	Commercial	https://www.streamlineusa.com/commercial/mackage-soho/	http://www.streamlineusa.com/wp-content/uploads/2020/02/IMG_8648-scaled.jpg	mackage-soho
2409	18	Upper West Side Apartment	2409	Upper West Side	1400	General Contractor	#N/A	Yael and Ori Morag	#N/A	MZA Architecture	#N/A	Residential	https://www.streamlineusa.com/residential/upper-west-side-apartment/	http://www.streamlineusa.com/wp-content/uploads/2020/05/Upper-West-Side-Apt-Featured.jpg	upper-west-side-apartment
2425	19	My Darling Ivy	2425	Chelsea	1500	General Contractor	#N/A	VJ Moscaritola	#N/A	Studio Stigsby	#N/A	Commercial	https://www.streamlineusa.com/commercial/my-darling-ivy/	http://www.streamlineusa.com/wp-content/uploads/2020/05/My-Darling-Ivy-Featured.jpg	my-darling-ivy
2838	19	53rd st studio	2838	Hell's Kitchen	750	General Contractor	#N/A	LDN interiors	#N/A		#N/A	Residential	https://www.streamlineusa.com/residential/53rd-st-studio/	http://www.streamlineusa.com/wp-content/uploads/2022/02/20210310_425West53rdSt-3669.jpg	53rd-st-studio
534	20	Thompson St. Studio	534	SOHO	600	General Contractor + Millwork	#N/A	SWA Architecture	#N/A		#N/A	Residential	https://www.streamlineusa.com/residential/thompson-st-studio/	http://www.streamlineusa.com/wp-content/uploads/2019/12/THOMPSON_STUDIO-Featured-scaled.jpg	thompson-st-studio
564	20	Washington Sq. Dermatology	564	West Village	2500	General Contractor	#N/A	Dr. Samer Jaber	#N/A		#N/A	Commercial	https://www.streamlineusa.com/commercial/upper-east-side-townhouse/	http://www.streamlineusa.com/wp-content/uploads/2019/12/wash.jpg	upper-east-side-townhouse
503	21	Free People Retail Store	503	Meatpacking District	7000	Carpentry + Finishes	#N/A	David Levy Architecture	#N/A		#N/A	Commercial	https://www.streamlineusa.com/commercial/free-people-retail-store/	http://www.streamlineusa.com/wp-content/uploads/2019/12/Free-People-Updated-Featured.jpg	free-people-retail-store
527	21	1st Ave Apartment	527	Murray Hill	2000	General Contractor + Millwork	#N/A	SWA Architecture	#N/A	SWA Architecture	#N/A	Residential	https://www.streamlineusa.com/residential/1st-ave-apt/	http://www.streamlineusa.com/wp-content/uploads/2019/12/Murray-Hill-Featured.jpg	1st-ave-apt
2345	22	Motel 23 Lounge	2345	Chelsea	3500	General Contractor	#N/A	Colin Fuda	#N/A	Atelier New York	#N/A	Commercial	https://www.streamlineusa.com/commercial/motel-23-lounge/	http://www.streamlineusa.com/wp-content/uploads/2020/05/Motel-23-Featured.jpg	motel-23-lounge
2366	22	Wainscott, East Hampton Residence	2366	Wainscott, East Hampton	3200	Construction Consultant	#N/A	Nathalie Akiya Design	#N/A		#N/A	Residential	https://www.streamlineusa.com/residential/wainscott-east-hampton-residence/	http://www.streamlineusa.com/wp-content/uploads/2020/05/IMG_1256.png	wainscott-east-hampton-residence
2384	23	Ground Central Coffee Company	2384	Murray Hill	550	General Contractor	#N/A	Daniel O'Connor Architects	#N/A	Daniel O'Connor Architects	#N/A	Commercial	https://www.streamlineusa.com/commercial/ground-central-coffee-company/	http://www.streamlineusa.com/wp-content/uploads/2020/05/Ground-Central-Featured.jpg	ground-central-coffee-company
558	24	Atrium Corporate Office	558	NoHo	5000	General Contractor + Millwork	#N/A	Sam Ben avraham	#N/A	Bang 3 Design	#N/A	Commercial	https://www.streamlineusa.com/commercial/autrium-corporate-office/	http://www.streamlineusa.com/wp-content/uploads/2019/12/Streamline-USA-Atrium-5.65x4.11.jpg	autrium-corporate-office
		Mexicue	3500	NoHo	3500	General Contractor	#N/A	Treehouse Designs	#N/A	SWA Architecture	#N/A	Commercial	https://www.staging8.streamlineusa.com/commercial/mexicue/	https://www.staging8.streamlineusa.com/wp-content/uploads/2019/12/MEX1.jpg	mexicue
