id	Correct ID	Order of apperance	Title	Project Gallery	Location	Size (Sq. Ft)	Role	Designed By	Architecture by	Categories	Permalink	Image Featured
2425	#REF!	8	12th st townhouse	http://www.staging3.streamlineusa.com/wp-content/uploads/2020/07/5th-Ave-9496-copy.jpg|http://www.staging3.streamlineusa.com/wp-content/uploads/2020/07/5th-Ave-9495-copy.jpg|http://www.staging3.streamlineusa.com/wp-content/uploads/2020/07/5th-Ave-9494-copy.jpg|http://www.staging3.streamlineusa.com/wp-content/uploads/2020/07/5th-Ave-9493-copy.jpg|http://www.staging3.streamlineusa.com/wp-content/uploads/2020/07/5th-Ave-9492-copy.jpg|http://www.staging3.streamlineusa.com/wp-content/uploads/2020/07/5th-Ave-9491-copy.jpg|http://www.staging3.streamlineusa.com/wp-content/uploads/2020/07/5th-Ave-9490-copy.jpg|http://www.staging3.streamlineusa.com/wp-content/uploads/2020/07/5th-Ave-9488-copy.jpg|http://www.staging3.streamlineusa.com/wp-content/uploads/2020/07/5th-Ave-9485-copy.jpg|http://www.staging3.streamlineusa.com/wp-content/uploads/2020/07/5th-Ave-9483-copy.jpg|http://www.staging3.streamlineusa.com/wp-content/uploads/2020/07/5th-Ave-9481-copy.jpg|http://www.staging3.streamlineusa.com/wp-content/uploads/2020/07/5th-Ave-Featured-copy.jpg	Greenwich Village	7000	Carpentry Millwork + Finishes	Elisabeth de Kergorlay		Residential	https://www.staging8.streamlineusa.com/residential/5th-avenue-townhouse/	https://www.staging8.streamlineusa.com/wp-content/uploads/2020/07/5th-Ave-Featured-copy.jpg
558	#REF!	21	1st ave apartment	http://www.staging3.streamlineusa.com/wp-content/uploads/2019/12/Murray-Hill-Featured.jpg|http://www.staging3.streamlineusa.com/wp-content/uploads/2019/12/MURRAYHILL1.jpg|http://www.staging3.streamlineusa.com/wp-content/uploads/2019/12/MURRAYHILL2.jpg|http://www.staging3.streamlineusa.com/wp-content/uploads/2019/12/MURRAYHILL4.jpg|http://www.staging3.streamlineusa.com/wp-content/uploads/2019/12/MURRAYHILL3.jpg|http://www.staging3.streamlineusa.com/wp-content/uploads/2019/12/MURRAYHILL5.jpg|http://www.staging3.streamlineusa.com/wp-content/uploads/2019/12/MURRAYHILL7.jpg	Murray Hill	2000	General Contractor + Millwork	SWA Architecture		Residential	https://www.staging8.streamlineusa.com/residential/murray-hill-apartments/	https://www.staging8.streamlineusa.com/wp-content/uploads/2019/12/Murray-Hill-Featured.jpg
527	#REF!	19	53rd st studio	http://www.staging3.streamlineusa.com/wp-content/uploads/2022/02/20210310_425West53rdSt-3619.jpg|http://www.staging3.streamlineusa.com/wp-content/uploads/2022/02/20210310_425West53rdSt-3624.jpg|http://www.staging3.streamlineusa.com/wp-content/uploads/2022/02/20210310_425West53rdSt-3629.jpg|http://www.staging3.streamlineusa.com/wp-content/uploads/2022/02/20210310_425West53rdSt-3634.jpg|http://www.staging3.streamlineusa.com/wp-content/uploads/2022/02/20210310_425West53rdSt-3639.jpg|http://www.staging3.streamlineusa.com/wp-content/uploads/2022/02/20210310_425West53rdSt-3659.jpg|http://www.staging3.streamlineusa.com/wp-content/uploads/2022/02/20210310_425West53rdSt-3664.jpg|http://www.staging3.streamlineusa.com/wp-content/uploads/2022/02/20210310_425West53rdSt-3669.jpg|http://www.staging3.streamlineusa.com/wp-content/uploads/2022/02/20210310_425West53rdSt-3674.jpg|http://www.staging3.streamlineusa.com/wp-content/uploads/2022/02/20210310_425West53rdSt-3679.jpg|http://www.staging3.streamlineusa.com/wp-content/uploads/2022/02/20210310_425West53rdSt-3684.jpg|http://www.staging3.streamlineusa.com/wp-content/uploads/2022/02/20210310_425West53rdSt-3699.jpg|http://www.staging3.streamlineusa.com/wp-content/uploads/2022/02/20210310_425West53rdSt-3704.jpg|http://www.staging3.streamlineusa.com/wp-content/uploads/2022/02/20210310_425West53rdSt-3709.jpg|http://www.staging3.streamlineusa.com/wp-content/uploads/2022/02/20210310_425West53rdSt-3719.jpg|http://www.staging3.streamlineusa.com/wp-content/uploads/2022/02/20210310_425West53rdSt-3724.jpg|http://www.staging3.streamlineusa.com/wp-content/uploads/2022/02/20210310_425West53rdSt-3739.jpg|http://www.staging3.streamlineusa.com/wp-content/uploads/2022/02/20210310_425West53rdSt-3752.jpg|http://www.staging3.streamlineusa.com/wp-content/uploads/2022/02/20210310_425West53rdSt-3772.jpg|http://www.staging3.streamlineusa.com/wp-content/uploads/2022/02/20210310_425West53rdSt-3776.jpg|http://www.staging3.streamlineusa.com/wp-content/uploads/2022/02/20210310_425West53rdSt-3781.jpg|http://www.staging3.streamlineusa.com/wp-content/uploads/2022/02/20210310_425West53rdSt-3786.jpg|http://www.staging3.streamlineusa.com/wp-content/uploads/2022/02/20210310_425West53rdSt-3791.jpg|http://www.staging3.streamlineusa.com/wp-content/uploads/2019/12/SL-_-Residential-_-215-Madision-_-Residence-3.425x3-1.jpg|http://www.staging3.streamlineusa.com/wp-content/uploads/2019/12/SL-_-Residential-_-215-Madision-_-Residence-3.425x3.jpg	Hell's Kitchen	750	General Contractor	LDN interiors		Residential	https://www.staging8.streamlineusa.com/residential/hells-kitchen-apt/	https://www.staging8.streamlineusa.com/wp-content/uploads/2022/02/20210310_425West53rdSt-3669.jpg
1835	#REF!	3	69th st townhouse	http://www.staging3.streamlineusa.com/wp-content/uploads/2019/12/BlackHenselNYC_10retouched1-scaled.jpg|http://www.staging3.streamlineusa.com/wp-content/uploads/2019/12/BlackHenselNYC_051-scaled.jpg|http://www.staging3.streamlineusa.com/wp-content/uploads/2019/12/BlackHenselNYC_041-scaled.jpg|http://www.staging3.streamlineusa.com/wp-content/uploads/2019/12/BlackHenselNYC_071-scaled.jpg|http://www.staging3.streamlineusa.com/wp-content/uploads/2019/12/BlackHenselNYC_021-scaled.jpg|http://www.staging3.streamlineusa.com/wp-content/uploads/2019/12/BlackHenselNYC_091-scaled.jpg|http://www.staging3.streamlineusa.com/wp-content/uploads/2019/12/BlackHenselNYC_031-scaled.jpg|http://www.staging3.streamlineusa.com/wp-content/uploads/2019/12/BlackHenselNYC_081-scaled.jpg|http://www.staging3.streamlineusa.com/wp-content/uploads/2019/12/BlackHenselNYC_061-scaled.jpg|http://www.staging3.streamlineusa.com/wp-content/uploads/2019/12/BlackHenselNYC_11retouched1-scaled.jpg|http://www.staging3.streamlineusa.com/wp-content/uploads/2019/12/BlackHenselNYC_011-scaled.jpg|http://www.staging3.streamlineusa.com/wp-content/uploads/2019/12/UWS_TOWNHOUSE4.jpg|http://www.staging3.streamlineusa.com/wp-content/uploads/2019/12/UWS_TOWNHOUSE6.jpg|http://www.staging3.streamlineusa.com/wp-content/uploads/2019/12/UWS_TOWNHOUSE1.jpg|http://www.staging3.streamlineusa.com/wp-content/uploads/2019/12/UWS_TOWNHOUSE7-1.jpg	Upper West Side	6000	General Contractor + Millwork	Fury Design		Residential	https://www.staging8.streamlineusa.com/residential/upper-west-side-townhouse/	https://www.staging8.streamlineusa.com/wp-content/uploads/2019/12/BlackHenselNYC_021-scaled.jpg
2409	#REF!	16	84th st Townhouse	http://www.staging3.streamlineusa.com/wp-content/uploads/2020/05/Jackson-Heights-Featured.png|http://www.staging3.streamlineusa.com/wp-content/uploads/2020/05/IMG_0457.png|http://www.staging3.streamlineusa.com/wp-content/uploads/2020/05/IMG_0458.png|http://www.staging3.streamlineusa.com/wp-content/uploads/2020/05/IMG_0449.png|http://www.staging3.streamlineusa.com/wp-content/uploads/2020/05/IMG_0462.png|http://www.staging3.streamlineusa.com/wp-content/uploads/2020/05/IMG_0448.png|http://www.staging3.streamlineusa.com/wp-content/uploads/2020/05/IMG_0450.png|http://www.staging3.streamlineusa.com/wp-content/uploads/2020/05/IMG_0452.png|http://www.staging3.streamlineusa.com/wp-content/uploads/2020/05/IMG_0455.png	Jackson Heights	2200	General Contractor	Nathalie Akiya Design	SWA Architecture	Residential	https://www.staging8.streamlineusa.com/residential/jackson-heights-townhouse/	https://www.staging8.streamlineusa.com/wp-content/uploads/2020/05/Jackson-Heights-Featured.png
2520	#REF!	24	Atrium Corporate Office	http://www.staging3.streamlineusa.com/wp-content/uploads/2019/12/Streamline-USA-Atrium-5.65x4.11-1.jpg|http://www.staging3.streamlineusa.com/wp-content/uploads/2019/12/Streamline-USA-Atrium-3.69x1.91-1.jpg|http://www.staging3.streamlineusa.com/wp-content/uploads/2019/12/Streamline-USA-Atrium-1.71x1.90-1.jpg|http://www.staging3.streamlineusa.com/wp-content/uploads/2019/12/Streamline-USA-Atrium-8.0x2.25.jpg|http://www.staging3.streamlineusa.com/wp-content/uploads/2019/12/Streamline-USA-Atrium-1.71x1.91-1.jpg	NoHo	5000	General Contractor + Millwork	Sam Ben avraham	Bang 3 Design	Commercial	https://www.staging8.streamlineusa.com/commercial/atrium-corporate-office/	https://www.staging8.streamlineusa.com/wp-content/uploads/2019/12/Streamline-USA-Atrium-5.65x4.11.jpg
439	#REF!	1	Boqueria Restaurant	http://www.staging3.streamlineusa.com/wp-content/uploads/2019/12/Featured-1-scaled.jpg|http://www.staging3.streamlineusa.com/wp-content/uploads/2019/12/Boqueria_West40_0518_LizClayman_210-scaled.jpg|http://www.staging3.streamlineusa.com/wp-content/uploads/2019/12/Boqueria_West40_0518_LizClayman_211-scaled.jpg|http://www.staging3.streamlineusa.com/wp-content/uploads/2019/12/Boqueria_West40_0518_LizClayman_212-scaled.jpg|http://www.staging3.streamlineusa.com/wp-content/uploads/2019/12/Boqueria_West40_0518_LizClayman_197-scaled.jpg|http://www.staging3.streamlineusa.com/wp-content/uploads/2019/12/Boqueria_West40_0518_LizClayman_203-scaled.jpg|http://www.staging3.streamlineusa.com/wp-content/uploads/2019/12/Boqueria_West40_0518_LizClayman_206-scaled.jpg|http://www.staging3.streamlineusa.com/wp-content/uploads/2019/12/Boqueria_West40_0518_LizClayman_209-scaled.jpg|http://www.staging3.streamlineusa.com/wp-content/uploads/2019/12/Boqueria_West40_0518_LizClayman_003-scaled.jpg|http://www.staging3.streamlineusa.com/wp-content/uploads/2019/12/Boqueria_West40_0518_LizClayman_128-1-scaled.jpg	Midtown	10500	General Contractor	Studio Razavi		Commercial	https://www.staging8.streamlineusa.com/commercial/boqueria-restaurant/	https://www.staging8.streamlineusa.com/wp-content/uploads/2019/12/Featured-1-scaled.jpg
509	#REF!	9	Burger & Lobster	http://www.staging3.streamlineusa.com/wp-content/uploads/2019/12/Burger-Lobster-Featured.jpg|http://www.staging3.streamlineusa.com/wp-content/uploads/2019/12/BURGERLOBSTER6.jpg|http://www.staging3.streamlineusa.com/wp-content/uploads/2019/12/BURGERLOBSTER2.jpg|http://www.staging3.streamlineusa.com/wp-content/uploads/2019/12/BURGERLOBSTER7.jpg|http://www.staging3.streamlineusa.com/wp-content/uploads/2019/12/BURGERLOBSTER3.jpg|http://www.staging3.streamlineusa.com/wp-content/uploads/2019/12/BURGERLOBSTER5.jpg|http://www.staging3.streamlineusa.com/wp-content/uploads/2019/12/BURGERLOBSTER4.jpg	Bryant Park	8500	General Contractor + Millwork	MZA Architecture		Commercial	https://www.staging8.streamlineusa.com/commercial/burger-lobster/	https://www.staging8.streamlineusa.com/wp-content/uploads/2019/12/BURGERLOBSTER3.jpg
552	#REF!	1	Duane Street Penthouse	http://www.staging3.streamlineusa.com/wp-content/uploads/2022/02/20210310_129DuaneSt-3830-scaled.jpg|http://www.staging3.streamlineusa.com/wp-content/uploads/2022/02/20210310_129DuaneSt-3975-scaled.jpg|http://www.staging3.streamlineusa.com/wp-content/uploads/2022/02/20210310_129DuaneSt-3990-scaled.jpg|http://www.staging3.streamlineusa.com/wp-content/uploads/2022/02/20210310_129DuaneSt-3995-scaled.jpg|http://www.staging3.streamlineusa.com/wp-content/uploads/2022/02/20211021_129DuaneSt-8020-scaled.jpg|http://www.staging3.streamlineusa.com/wp-content/uploads/2022/02/20211021_129DuaneSt-8035-scaled.jpg|http://www.staging3.streamlineusa.com/wp-content/uploads/2022/02/20211021_129DuaneSt-8040-scaled.jpg|http://www.staging3.streamlineusa.com/wp-content/uploads/2022/02/20211021_129DuaneSt-8080-scaled.jpg|http://www.staging3.streamlineusa.com/wp-content/uploads/2022/02/20211021_129DuaneSt-8110-scaled.jpg|http://www.staging3.streamlineusa.com/wp-content/uploads/2022/02/20211021_129DuaneSt-8120-scaled.jpg|http://www.staging3.streamlineusa.com/wp-content/uploads/2022/02/20211021_129DuaneSt-8159-scaled.jpg	Tribeca	4000	General Contractor	Dean Winters and Diana Gomez	SWA Architecture	Residential	https://www.staging8.streamlineusa.com/residential/duane-street-penthouse/	https://www.staging8.streamlineusa.com/wp-content/uploads/2022/02/20211021_129DuaneSt-8110-scaled.jpg
2345	#REF!	15	e63rd st Penthouse	http://www.staging3.streamlineusa.com/wp-content/uploads/2019/12/Upper-East-Side-Penthouse-Featured.jpg|http://www.staging3.streamlineusa.com/wp-content/uploads/2019/12/Upper-East-Side-Penthouse-1.jpg|http://www.staging3.streamlineusa.com/wp-content/uploads/2019/12/Upper-East-Side-Penthouse-2.jpg|http://www.staging3.streamlineusa.com/wp-content/uploads/2019/12/Upper-East-Side-Penthouse-5.jpg|http://www.staging3.streamlineusa.com/wp-content/uploads/2019/12/Upper-East-Side-Penthouse-4.jpg	Lenox Hill	1700	General Contractor + Millwork	Jennifer Aderholdt Design	SWA Architecture	Residential	https://www.staging8.streamlineusa.com/residential/upper-east-side-penthouse/	https://www.staging8.streamlineusa.com/wp-content/uploads/2019/12/Upper-East-Side-Penthouse-Featured.jpg
567	#REF!	2	e64th st Townhouse	http://www.staging3.streamlineusa.com/wp-content/uploads/2020/05/East-Side-Townhouse-Featured.jpg|http://www.staging3.streamlineusa.com/wp-content/uploads/2020/05/20200416_118East64th-3037.jpg|http://www.staging3.streamlineusa.com/wp-content/uploads/2020/05/20200416_118East64th-3047.jpg|http://www.staging3.streamlineusa.com/wp-content/uploads/2020/05/20200416_118East64th-3067.jpg|http://www.staging3.streamlineusa.com/wp-content/uploads/2020/05/20200416_118East64th-3022.jpg|http://www.staging3.streamlineusa.com/wp-content/uploads/2020/05/20200416_118East64th-3077.jpg|http://www.staging3.streamlineusa.com/wp-content/uploads/2020/05/20200416_118East64th-3092.jpg|http://www.staging3.streamlineusa.com/wp-content/uploads/2020/05/20200416_118East64th-3102.jpg|http://www.staging3.streamlineusa.com/wp-content/uploads/2020/05/20200416_118East64th-3112.jpg|http://www.staging3.streamlineusa.com/wp-content/uploads/2020/05/20200416_118East64th-3132.jpg|http://www.staging3.streamlineusa.com/wp-content/uploads/2020/05/20200416_118East64th-3192-e1595516638725.jpg|http://www.staging3.streamlineusa.com/wp-content/uploads/2020/05/20200416_118East64th-3152.jpg|http://www.staging3.streamlineusa.com/wp-content/uploads/2020/05/20200416_118East64th-3162.jpg|http://www.staging3.streamlineusa.com/wp-content/uploads/2020/05/20200416_118East64th-3172.jpg|http://www.staging3.streamlineusa.com/wp-content/uploads/2020/05/20200416_118East64th-3142.jpg|http://www.staging3.streamlineusa.com/wp-content/uploads/2020/05/20200416_118East64th-3182.jpg|http://www.staging3.streamlineusa.com/wp-content/uploads/2020/05/20200416_118East64th-3362.jpg|http://www.staging3.streamlineusa.com/wp-content/uploads/2020/05/20200416_118East64th-3322.jpg|http://www.staging3.streamlineusa.com/wp-content/uploads/2020/05/20200416_118East64th-3392.jpg|http://www.staging3.streamlineusa.com/wp-content/uploads/2020/05/20200416_118East64th-3402.jpg|http://www.staging3.streamlineusa.com/wp-content/uploads/2020/05/20200416_118East64th-3417.jpg|http://www.staging3.streamlineusa.com/wp-content/uploads/2020/05/20200416_118East64th-3332.jpg|http://www.staging3.streamlineusa.com/wp-content/uploads/2020/05/20200416_118East64th-3422.jpg|http://www.staging3.streamlineusa.com/wp-content/uploads/2020/05/20200416_118East64th-3252.jpg|http://www.staging3.streamlineusa.com/wp-content/uploads/2020/05/20200416_118East64th-3327.jpg|http://www.staging3.streamlineusa.com/wp-content/uploads/2020/05/20200416_118East64th-3412.jpg|http://www.staging3.streamlineusa.com/wp-content/uploads/2020/05/20200416_118East64th-3307.jpg|http://www.staging3.streamlineusa.com/wp-content/uploads/2020/05/20200416_118East64th-3282.jpg|http://www.staging3.streamlineusa.com/wp-content/uploads/2020/05/20200416_118East64th-3227.jpg|http://www.staging3.streamlineusa.com/wp-content/uploads/2020/05/20200416_118East64th-3242.jpg|http://www.staging3.streamlineusa.com/wp-content/uploads/2020/05/20200416_118East64th-3302.jpg|http://www.staging3.streamlineusa.com/wp-content/uploads/2020/05/20200416_118East64th-3232.jpg|http://www.staging3.streamlineusa.com/wp-content/uploads/2020/05/20200416_118East64th-3297.jpg|http://www.staging3.streamlineusa.com/wp-content/uploads/2020/05/20200416_118East64th-3277.jpg|http://www.staging3.streamlineusa.com/wp-content/uploads/2020/05/20200416_118East64th-3212.jpg	Lenox Hill	3800	General Contractor	Virgina Tupker	MZA Architecture	Residential	https://www.staging8.streamlineusa.com/residential/east-side-townhouse/	https://www.staging8.streamlineusa.com/wp-content/uploads/2020/05/East-Side-Townhouse-Featured.jpg
443	#REF!	21	Free People Retail Store	http://www.staging3.streamlineusa.com/wp-content/uploads/2019/12/Free-People-by-Streamline-USA-3.69x4.36.jpg|http://www.staging3.streamlineusa.com/wp-content/uploads/2019/12/Free-People-by-Streamline-USA-1.71x2.19-1.jpg|http://www.staging3.streamlineusa.com/wp-content/uploads/2019/12/Free-People-by-Streamline-USA-2.1x3.71-1.jpg|http://www.staging3.streamlineusa.com/wp-content/uploads/2019/12/Free-People-by-Streamline-USA-1.71x2.0.jpg|http://www.staging3.streamlineusa.com/wp-content/uploads/2019/12/Free-People-by-Streamline-USA-5.65x4.11-1.jpg|http://www.staging3.streamlineusa.com/wp-content/uploads/2019/12/IMG_3444-scaled.jpg	Meatpacking District	7000	Carpentry + Finishes	David Levy Architecture		Commercial	https://www.staging8.streamlineusa.com/commercial/free-people-retail-store/	https://www.staging8.streamlineusa.com/wp-content/uploads/2019/12/Free-People-Updated-Featured.jpg
433	#REF!	3	Grand Ole Opry City Stage	http://www.staging3.streamlineusa.com/wp-content/uploads/2019/12/OPRY1.jpg|http://www.staging3.streamlineusa.com/wp-content/uploads/2019/12/OPRY5.jpg|http://www.staging3.streamlineusa.com/wp-content/uploads/2019/12/OPRY10.jpg|http://www.staging3.streamlineusa.com/wp-content/uploads/2019/12/OPRY11.jpg|http://www.staging3.streamlineusa.com/wp-content/uploads/2019/12/OPRY2.jpg|http://www.staging3.streamlineusa.com/wp-content/uploads/2019/12/OPRY3.jpg|http://www.staging3.streamlineusa.com/wp-content/uploads/2019/12/OPRY4.jpg|http://www.staging3.streamlineusa.com/wp-content/uploads/2019/12/OPRY6.jpg|http://www.staging3.streamlineusa.com/wp-content/uploads/2019/12/OPRY7.jpg|http://www.staging3.streamlineusa.com/wp-content/uploads/2019/12/OPRY8.jpg|http://www.staging3.streamlineusa.com/wp-content/uploads/2019/12/OPRY9.jpg	Times Square	22000	Construction Manager	SWA Architecture, Morris Nathanson Interior Design		Commercial	https://www.staging8.streamlineusa.com/commercial/grand-ole-opry-city-stage/	https://www.staging8.streamlineusa.com/wp-content/uploads/2019/12/OPRY1.jpg
2853	#REF!	23	Ground Central Coffee Company	http://www.staging3.streamlineusa.com/wp-content/uploads/2020/05/Ground-Central-Featured.jpg|http://www.staging3.streamlineusa.com/wp-content/uploads/2020/05/20200422_2ndAveGroundCentral-3773.jpg|http://www.staging3.streamlineusa.com/wp-content/uploads/2020/05/20200422_2ndAveGroundCentral-3728.jpg|http://www.staging3.streamlineusa.com/wp-content/uploads/2020/05/20200422_2ndAveGroundCentral-3763.jpg|http://www.staging3.streamlineusa.com/wp-content/uploads/2020/05/20200422_2ndAveGroundCentral-3753.jpg|http://www.staging3.streamlineusa.com/wp-content/uploads/2020/05/20200422_2ndAveGroundCentral-3788.jpg|http://www.staging3.streamlineusa.com/wp-content/uploads/2020/05/20200422_2ndAveGroundCentral-3708.jpg|http://www.staging3.streamlineusa.com/wp-content/uploads/2020/05/20200422_2ndAveGroundCentral-3733.jpg|http://www.staging3.streamlineusa.com/wp-content/uploads/2020/05/20200422_2ndAveGroundCentral-3718.jpg	Murray Hill	550	General Contractor	Daniel O'Connor Architects	Daniel O'Connor Architects	Commercial	https://www.staging8.streamlineusa.com/commercial/ground-central-coffee-company/	https://www.staging8.streamlineusa.com/wp-content/uploads/2020/05/Ground-Central-Featured.jpg
2830	549	11	Günter Seeger	http://www.staging3.streamlineusa.com/wp-content/uploads/2019/12/Gunter-3.jpg|http://www.staging3.streamlineusa.com/wp-content/uploads/2019/12/BLURRY.jpg|http://www.staging3.streamlineusa.com/wp-content/uploads/2019/12/Gunter-4.jpg|http://www.staging3.streamlineusa.com/wp-content/uploads/2019/12/Gunter-Updated-Featured-scaled.jpg|http://www.staging3.streamlineusa.com/wp-content/uploads/2019/12/Gunter-2.jpg|http://www.staging3.streamlineusa.com/wp-content/uploads/2019/12/Gunter-Seeger-Featured.jpg|http://www.staging3.streamlineusa.com/wp-content/uploads/2019/12/Gunter-1.jpg	West Village	3300	General Contractor + Millwork	AWI Interiors		Commercial	https://www.staging8.streamlineusa.com/commercial/gunter-seeger/	https://www.staging8.streamlineusa.com/wp-content/uploads/2019/12/Gunter-3.jpg
2842	#REF!	16	Haus Nightclub	http://www.staging3.streamlineusa.com/wp-content/uploads/2020/07/IMG_6905.jpg|http://www.staging3.streamlineusa.com/wp-content/uploads/2020/07/IMG_6910.jpg|http://www.staging3.streamlineusa.com/wp-content/uploads/2020/07/IMG_6906.jpg|http://www.staging3.streamlineusa.com/wp-content/uploads/2020/07/Haus-Featured.jpg|http://www.staging3.streamlineusa.com/wp-content/uploads/2020/07/IMG_6913.jpg|http://www.staging3.streamlineusa.com/wp-content/uploads/2020/07/IMG_6917.jpg|http://www.staging3.streamlineusa.com/wp-content/uploads/2020/07/IMG_6916.jpg|http://www.staging3.streamlineusa.com/wp-content/uploads/2020/07/IMG_6914.jpg|http://www.staging3.streamlineusa.com/wp-content/uploads/2020/07/IMG_6915.jpg|http://www.staging3.streamlineusa.com/wp-content/uploads/2020/07/IMG_6909.jpg|http://www.staging3.streamlineusa.com/wp-content/uploads/2020/07/IMG_6908.jpg	Tribeca	5500	General Contractor	John Rawlins Design	SWA Architecture	Commercial	https://www.staging8.streamlineusa.com/commercial/haus-nightclub/	https://www.staging8.streamlineusa.com/wp-content/uploads/2020/07/Haus-Featured.jpg
520	567	9	Horatio St Townhouse	http://www.staging3.streamlineusa.com/wp-content/uploads/2019/12/tersigni-palachek-residential-west-village-01-1.png|http://www.staging3.streamlineusa.com/wp-content/uploads/2019/12/tersigni-palachek-residential-west-village-05.png|http://www.staging3.streamlineusa.com/wp-content/uploads/2019/12/tersigni-palachek-residential-west-village-02.png|http://www.staging3.streamlineusa.com/wp-content/uploads/2019/12/tersigni-palachek-residential-west-village-04.png|http://www.staging3.streamlineusa.com/wp-content/uploads/2019/12/tersigni-palachek-residential-west-village-08.png|http://www.staging3.streamlineusa.com/wp-content/uploads/2019/12/tersigni-palachek-residential-west-village-06.png|http://www.staging3.streamlineusa.com/wp-content/uploads/2019/12/tersigni-palachek-residential-west-village-07.png|http://www.staging3.streamlineusa.com/wp-content/uploads/2019/12/tersigni-palachek-residential-west-village-03.png|http://www.staging3.streamlineusa.com/wp-content/uploads/2019/12/tersigni-palachek-residential-west-village-09.png|http://www.staging3.streamlineusa.com/wp-content/uploads/2019/12/Horatio-St-3.68x6.74.jpg|http://www.staging3.streamlineusa.com/wp-content/uploads/2019/12/Horatio-St-3.9x3.jpg|http://www.staging3.streamlineusa.com/wp-content/uploads/2019/12/Horatio-St-2.35x3.12.jpg|http://www.staging3.streamlineusa.com/wp-content/uploads/2019/12/Horatio-St-4.50x2.86.jpg|http://www.staging3.streamlineusa.com/wp-content/uploads/2019/12/Horatio-St-2.17x3.12.jpg|http://www.staging3.streamlineusa.com/wp-content/uploads/2019/12/Streamline-Residential-Horatio-12-4.11x5.65.jpg|http://www.staging3.streamlineusa.com/wp-content/uploads/2019/12/Streamline-Residential-Horatio-17-1.71x2.08-1.jpg	Meat Packing District	3200	General Contractor + Millwork	Tersigni Palachek Design	David Bae Architect	Residential	https://www.staging8.streamlineusa.com/residential/horatio-st-townhouse/	https://www.staging8.streamlineusa.com/wp-content/uploads/2019/12/tersigni-palachek-residential-west-village-02.png
2860	#REF!	5	Hudson Street Penthouse	http://www.staging3.streamlineusa.com/wp-content/uploads/2019/12/Hudson-Featured.jpg|http://www.staging3.streamlineusa.com/wp-content/uploads/2019/12/Hudson-St-4.375x3.jpg|http://www.staging3.streamlineusa.com/wp-content/uploads/2019/12/i-NFgZ9Fs-X2.jpg|http://www.staging3.streamlineusa.com/wp-content/uploads/2019/12/i-Dpjk2Rc-X2.jpg|http://www.staging3.streamlineusa.com/wp-content/uploads/2019/12/i-CS9WgLM-X2.jpg|http://www.staging3.streamlineusa.com/wp-content/uploads/2019/12/i-7HqhMqw-X2.jpg|http://www.staging3.streamlineusa.com/wp-content/uploads/2019/12/i-Khm4Tpw-X2.jpg|http://www.staging3.streamlineusa.com/wp-content/uploads/2019/12/i-pSZ2SP3-X3.jpg|http://www.staging3.streamlineusa.com/wp-content/uploads/2019/12/i-tVwN3fB-X2.jpg|http://www.staging3.streamlineusa.com/wp-content/uploads/2019/12/i-xTCMsVL-X2.jpg|http://www.staging3.streamlineusa.com/wp-content/uploads/2019/12/i-WcQdmRm-X2.jpg|http://www.staging3.streamlineusa.com/wp-content/uploads/2019/12/i-Nssb2GP-X2.jpg	Tribeca	3500	Millwork + Finishes	Alex may		Residential	https://www.staging8.streamlineusa.com/residential/hudson-street-penthouse/	https://www.staging8.streamlineusa.com/wp-content/uploads/2019/12/Hudson-Featured-1.jpg
2306	#REF!	12	HUDSON YARDS MALL	http://www.staging3.streamlineusa.com/wp-content/uploads/2022/02/20210222_HudsonYardsMall-0002-scaled.jpg|http://www.staging3.streamlineusa.com/wp-content/uploads/2022/02/20210222_HudsonYardsMall-0007-scaled.jpg|http://www.staging3.streamlineusa.com/wp-content/uploads/2022/02/20210222_HudsonYardsMall-0012-scaled.jpg|http://www.staging3.streamlineusa.com/wp-content/uploads/2022/02/20210222_HudsonYardsMall-0017-scaled.jpg|http://www.staging3.streamlineusa.com/wp-content/uploads/2022/02/20210222_HudsonYardsMall-0022-scaled.jpg|http://www.staging3.streamlineusa.com/wp-content/uploads/2022/02/20210222_HudsonYardsMall-0027-scaled.jpg|http://www.staging3.streamlineusa.com/wp-content/uploads/2022/02/20210222_HudsonYardsMall-0032-scaled.jpg|http://www.staging3.streamlineusa.com/wp-content/uploads/2022/02/20210222_HudsonYardsMall-0037-scaled.jpg|http://www.staging3.streamlineusa.com/wp-content/uploads/2022/02/20210222_HudsonYardsMall-0042-scaled.jpg|http://www.staging3.streamlineusa.com/wp-content/uploads/2022/02/20210222_HudsonYardsMall-0047-scaled.jpg|http://www.staging3.streamlineusa.com/wp-content/uploads/2022/02/20210222_HudsonYardsMall-0057-scaled.jpg|http://www.staging3.streamlineusa.com/wp-content/uploads/2022/02/20210222_HudsonYardsMall-0062-scaled.jpg|http://www.staging3.streamlineusa.com/wp-content/uploads/2022/02/20210222_HudsonYardsMall-0067-scaled.jpg|http://www.staging3.streamlineusa.com/wp-content/uploads/2022/02/20210222_HudsonYardsMall-0072-scaled.jpg|http://www.staging3.streamlineusa.com/wp-content/uploads/2022/02/20210222_HudsonYardsMall-0077-scaled.jpg|http://www.staging3.streamlineusa.com/wp-content/uploads/2022/02/20210222_HudsonYardsMall-0082-scaled.jpg|http://www.staging3.streamlineusa.com/wp-content/uploads/2022/02/20210222_HudsonYardsMall-0087-scaled.jpg|http://www.staging3.streamlineusa.com/wp-content/uploads/2022/02/20210222_HudsonYardsMall-0092-scaled.jpg|http://www.staging3.streamlineusa.com/wp-content/uploads/2022/02/20210222_HudsonYardsMall-0097-scaled.jpg|http://www.staging3.streamlineusa.com/wp-content/uploads/2022/02/20210222_HudsonYardsMall-0127-scaled.jpg|http://www.staging3.streamlineusa.com/wp-content/uploads/2022/02/20210222_HudsonYardsMall-0102-scaled.jpg|http://www.staging3.streamlineusa.com/wp-content/uploads/2022/02/20210222_HudsonYardsMall-0107-scaled.jpg|http://www.staging3.streamlineusa.com/wp-content/uploads/2022/02/20210222_HudsonYardsMall-0112-scaled.jpg|http://www.staging3.streamlineusa.com/wp-content/uploads/2022/02/20210222_HudsonYardsMall-0117-scaled.jpg|http://www.staging3.streamlineusa.com/wp-content/uploads/2022/02/20210222_HudsonYardsMall-0122-scaled.jpg	Hudson Yards	3500	General Contractor	Robert Jaimeson design		Commercial	https://www.staging8.streamlineusa.com/commercial/hudson-yards-mall/	https://www.staging8.streamlineusa.com/wp-content/uploads/2022/02/20210222_HudsonYardsMall-0087-scaled.jpg
555	#REF!	5	Indeed Corporate Office Suite	http://www.staging3.streamlineusa.com/wp-content/uploads/2019/12/SL-_-Commercial-Indeed-02-2.155x2.jpg|http://www.staging3.streamlineusa.com/wp-content/uploads/2019/12/SL-_-Commercial-Indeed-01-4x5.65.jpg|http://www.staging3.streamlineusa.com/wp-content/uploads/2019/12/SL-_-Commercial-Indeed-06-3x2.jpg|http://www.staging3.streamlineusa.com/wp-content/uploads/2019/12/SL-_-Commercial-Indeed-03-2.155x3.445.jpg|http://www.staging3.streamlineusa.com/wp-content/uploads/2019/12/SL-_-Commercial-Indeed-07-1.4x2.jpg|http://www.staging3.streamlineusa.com/wp-content/uploads/2019/12/Indeed-Pic.jpg|http://www.staging3.streamlineusa.com/wp-content/uploads/2019/12/IMG_1216-scaled.jpg|http://www.staging3.streamlineusa.com/wp-content/uploads/2019/12/indeed-nyc-office-4.jpg|http://www.staging3.streamlineusa.com/wp-content/uploads/2019/12/SL-_-Commercial-Indeed-04-2x4.7875-1.jpg|http://www.staging3.streamlineusa.com/wp-content/uploads/2019/12/IMG_1215-scaled.jpg|http://www.staging3.streamlineusa.com/wp-content/uploads/2019/12/SL-_-Commercial-Indeed-05-2x2.155-1.jpg|http://www.staging3.streamlineusa.com/wp-content/uploads/2019/12/IMG_1211-scaled.jpg|http://www.staging3.streamlineusa.com/wp-content/uploads/2019/12/IMG_1213-scaled.jpg|http://www.staging3.streamlineusa.com/wp-content/uploads/2019/12/IMG_1212-scaled.jpg|http://www.staging3.streamlineusa.com/wp-content/uploads/2019/12/IMG_1217-scaled.jpg|http://www.staging3.streamlineusa.com/wp-content/uploads/2019/12/IMG_1214-scaled.jpg	Midtown	36000	Carpentry + Millwork	Indeed corporate		Commercial	https://www.staging8.streamlineusa.com/commercial/indeed-corporate-office-suite/	https://www.staging8.streamlineusa.com/wp-content/uploads/2019/12/Indeed-Updated-Featured.jpg
491	#REF!	8	Kat & Theo	http://www.staging3.streamlineusa.com/wp-content/uploads/2019/12/Screen-Shot-2016-03-02-at-1.48.15-PM.jpg|http://www.staging3.streamlineusa.com/wp-content/uploads/2019/12/Kat-Theo-Featured.jpg|http://www.staging3.streamlineusa.com/wp-content/uploads/2019/12/SL-_-Hospitality-_-2-W21-_-KatTheo-3.125x3-2.jpg|http://www.staging3.streamlineusa.com/wp-content/uploads/2019/12/SL-_-Hospitality-_-2-W21-_-KatTheo-3.125x3-1.jpg|http://www.staging3.streamlineusa.com/wp-content/uploads/2019/12/SL-_-Hospitality-_-2-W21-_-KatTheo-8.175x3.65.jpg|http://www.staging3.streamlineusa.com/wp-content/uploads/2019/12/Screen-Shot-2016-03-02-at-1.48.10-PM.jpg|http://www.staging3.streamlineusa.com/wp-content/uploads/2019/12/Screen-Shot-2016-03-02-at-1.48.02-PM.jpg|http://www.staging3.streamlineusa.com/wp-content/uploads/2019/12/Screen-Shot-2016-03-02-at-1.48.46-PM-1.jpg|http://www.staging3.streamlineusa.com/wp-content/uploads/2019/12/Screen-Shot-2016-03-02-at-1.48.52-PM.jpg|http://www.staging3.streamlineusa.com/wp-content/uploads/2019/12/Screen-Shot-2016-03-02-at-1.48.29-PM.jpg	Flatiron District	2300	General Contractor + Millwork	Aviva Collective		Commercial	https://www.staging8.streamlineusa.com/commercial/kat-theo/	https://www.staging8.streamlineusa.com/wp-content/uploads/2019/12/Screen-Shot-2016-03-02-at-1.48.15-PM.jpg
561	#REF!	6	KITH	http://www.staging3.streamlineusa.com/wp-content/uploads/2019/12/StreamlineUSA-RET-Kith-02-4x5.65.jpg|http://www.staging3.streamlineusa.com/wp-content/uploads/2019/12/StreamlineUSA-RET-Kith-12-3x2.jpg|http://www.staging3.streamlineusa.com/wp-content/uploads/2019/12/SL-_-Retail-Kith-17-2.155x2-1-scaled.jpg|http://www.staging3.streamlineusa.com/wp-content/uploads/2019/12/StreamlineUSA-RET-Kith-03-2x4.205.jpg|http://www.staging3.streamlineusa.com/wp-content/uploads/2019/12/StreamlineUSA-RET-Kith-13-4.3708x3.4.jpg|http://www.staging3.streamlineusa.com/wp-content/uploads/2019/12/SL-_-Retail-Kith-08-2.155x2.jpg|http://www.staging3.streamlineusa.com/wp-content/uploads/2019/12/StreamlineUSA-RET-Kith-03-4.37x3.4.jpg|http://www.staging3.streamlineusa.com/wp-content/uploads/2019/12/SL-_-Retail-Kith-02-2x3.jpg|http://www.staging3.streamlineusa.com/wp-content/uploads/2019/12/StreamlineUSA-RET-Kith-04-1.46x2.jpg|http://www.staging3.streamlineusa.com/wp-content/uploads/2019/12/IMG_1071-scaled.jpg|http://www.staging3.streamlineusa.com/wp-content/uploads/2019/12/IMG_1070-scaled.jpg|http://www.staging3.streamlineusa.com/wp-content/uploads/2019/12/IMG_1073-scaled.jpg|http://www.staging3.streamlineusa.com/wp-content/uploads/2019/12/IMG_7210-scaled.jpg|http://www.staging3.streamlineusa.com/wp-content/uploads/2019/12/IMG_1077-scaled.jpg|http://www.staging3.streamlineusa.com/wp-content/uploads/2019/12/IMG_1076-scaled.jpg|http://www.staging3.streamlineusa.com/wp-content/uploads/2019/12/IMG_1074-scaled.jpg|http://www.staging3.streamlineusa.com/wp-content/uploads/2019/12/IMG_1075-scaled.jpg|http://www.staging3.streamlineusa.com/wp-content/uploads/2019/12/IMG_0126-scaled.jpg|http://www.staging3.streamlineusa.com/wp-content/uploads/2019/12/IMG_0127-scaled.jpg|http://www.staging3.streamlineusa.com/wp-content/uploads/2019/12/IMG_0125-scaled.jpg|http://www.staging3.streamlineusa.com/wp-content/uploads/2019/12/IMG_0124-scaled.jpg|http://www.staging3.streamlineusa.com/wp-content/uploads/2019/12/IMG_0108-scaled.jpg|http://www.staging3.streamlineusa.com/wp-content/uploads/2019/12/IMG_0109-scaled.jpg|http://www.staging3.streamlineusa.com/wp-content/uploads/2019/12/IMG_0121-scaled.jpg|http://www.staging3.streamlineusa.com/wp-content/uploads/2019/12/IMG_0123-scaled.jpg|http://www.staging3.streamlineusa.com/wp-content/uploads/2019/12/IMG_0107-scaled.jpg|http://www.staging3.streamlineusa.com/wp-content/uploads/2019/12/IMG_0112-scaled.jpg|http://www.staging3.streamlineusa.com/wp-content/uploads/2019/12/IMG_0110-scaled.jpg|http://www.staging3.streamlineusa.com/wp-content/uploads/2019/12/IMG_0111-scaled.jpg|http://www.staging3.streamlineusa.com/wp-content/uploads/2019/12/IMG_0115-scaled.jpg|http://www.staging3.streamlineusa.com/wp-content/uploads/2019/12/IMG_0116-scaled.jpg|http://www.staging3.streamlineusa.com/wp-content/uploads/2019/12/IMG_0117-scaled.jpg|http://www.staging3.streamlineusa.com/wp-content/uploads/2019/12/IMG_1084-scaled.jpg|http://www.staging3.streamlineusa.com/wp-content/uploads/2019/12/IMG_1085-scaled.jpg|http://www.staging3.streamlineusa.com/wp-content/uploads/2019/12/IMG_1082-scaled.jpg	NoHo	7500	General Contractor	Snarkitecture		Commercial	https://www.staging8.streamlineusa.com/commercial/kith/	https://www.staging8.streamlineusa.com/wp-content/uploads/2019/12/StreamlineUSA-RET-Kith-03-4.37x3.4.jpg
564	#REF!	10	Lexington ave Townhouse	http://www.staging3.streamlineusa.com/wp-content/uploads/2020/02/UES-8-e1595540404244.jpg|http://www.staging3.streamlineusa.com/wp-content/uploads/2020/02/UES-Townhouse-2.jpg|http://www.staging3.streamlineusa.com/wp-content/uploads/2020/02/UES-11.jpg|http://www.staging3.streamlineusa.com/wp-content/uploads/2020/02/UES-4.jpg|http://www.staging3.streamlineusa.com/wp-content/uploads/2020/02/UES-6.jpg|http://www.staging3.streamlineusa.com/wp-content/uploads/2020/02/UES-5.jpg|http://www.staging3.streamlineusa.com/wp-content/uploads/2020/02/46883486.jpg|http://www.staging3.streamlineusa.com/wp-content/uploads/2020/02/UES-7.jpg|http://www.staging3.streamlineusa.com/wp-content/uploads/2020/02/UES-9.jpg|http://www.staging3.streamlineusa.com/wp-content/uploads/2020/02/UES-10.jpg|http://www.staging3.streamlineusa.com/wp-content/uploads/2020/02/UES-Townhouse-3.jpg|http://www.staging3.streamlineusa.com/wp-content/uploads/2020/02/UES-12.jpg|http://www.staging3.streamlineusa.com/wp-content/uploads/2020/02/UES-13.jpg	Upper East Side	4500	General Contractor	Salvatore LaRosa	B5 Studio Architects	Residential	https://www.staging8.streamlineusa.com/residential/upper-east-side-townhouse/	https://www.staging8.streamlineusa.com/wp-content/uploads/2020/02/UES-8-e1595540404244.jpg
2504	#REF!	18	Mackage SoHo	http://www.staging3.streamlineusa.com/wp-content/uploads/2020/02/IMG_8618-scaled.jpg|http://www.staging3.streamlineusa.com/wp-content/uploads/2020/02/IMG_8626-scaled.jpg|http://www.staging3.streamlineusa.com/wp-content/uploads/2020/02/IMG_8629-scaled.jpg|http://www.staging3.streamlineusa.com/wp-content/uploads/2020/02/IMG_8634-scaled.jpg|http://www.staging3.streamlineusa.com/wp-content/uploads/2020/02/IMG_8635-scaled.jpg|http://www.staging3.streamlineusa.com/wp-content/uploads/2020/02/IMG_8638-scaled.jpg|http://www.staging3.streamlineusa.com/wp-content/uploads/2020/02/IMG_8643-scaled.jpg|http://www.staging3.streamlineusa.com/wp-content/uploads/2020/02/IMG_8644-scaled.jpg|http://www.staging3.streamlineusa.com/wp-content/uploads/2020/02/IMG_8645-scaled.jpg|http://www.staging3.streamlineusa.com/wp-content/uploads/2020/02/IMG_8647-scaled.jpg|http://www.staging3.streamlineusa.com/wp-content/uploads/2020/02/IMG_8648-scaled.jpg	SoHo	4500	General Contractor	Burdifilek		Commercial	https://www.staging8.streamlineusa.com/commercial/mackage-soho/	https://www.staging8.streamlineusa.com/wp-content/uploads/2020/02/IMG_8648-scaled.jpg
503	#REF!	13	Madison ave duplex	http://www.staging3.streamlineusa.com/wp-content/uploads/2019/12/SL-_-Residential-_-215-Madision-_-Residence-3.425x3-1.jpg|http://www.staging3.streamlineusa.com/wp-content/uploads/2019/12/SL-_-Residential-_-215-Madision-_-Residence-8.75x3.65-scaled.jpg|http://www.staging3.streamlineusa.com/wp-content/uploads/2019/12/SL-_-Residential-_-215-Madision-_-Residence-3.125x3-3-1.jpg|http://www.staging3.streamlineusa.com/wp-content/uploads/2019/12/SL-_-Residential-_-215-Madision-_-Residence-3.125x3-1-1.jpg|http://www.staging3.streamlineusa.com/wp-content/uploads/2019/12/SL-_-Residential-_-215-Madision-_-Residence-3.125X3-2-1.jpg|http://www.staging3.streamlineusa.com/wp-content/uploads/2019/12/SL-_-Residential-_-215-Madision-_-Residence-5.475x3-1.jpg	Murray Hill	3400	General Contractor + Millwork	Lynch Eisinger Design		Residential	https://www.staging8.streamlineusa.com/residential/madison-avenue-penthouse/	https://www.staging8.streamlineusa.com/wp-content/uploads/2019/12/SL-_-Residential-_-215-Madision-_-Residence-3.425x3.jpg
2847	#REF!	17	Mexicue	http://www.staging3.streamlineusa.com/wp-content/uploads/2019/12/MEX1.jpg|http://www.staging3.streamlineusa.com/wp-content/uploads/2019/12/Mexicue-Featured.jpg|http://www.staging3.streamlineusa.com/wp-content/uploads/2019/12/MEX6.jpg|http://www.staging3.streamlineusa.com/wp-content/uploads/2019/12/MEX5.jpg|http://www.staging3.streamlineusa.com/wp-content/uploads/2019/12/MEX2.jpg|http://www.staging3.streamlineusa.com/wp-content/uploads/2019/12/MEX4.jpg|http://www.staging3.streamlineusa.com/wp-content/uploads/2019/12/DSC_0062-scaled.jpg|http://www.staging3.streamlineusa.com/wp-content/uploads/2019/12/DSC_0049-scaled.jpg|http://www.staging3.streamlineusa.com/wp-content/uploads/2019/12/DSC_0064-scaled.jpg|http://www.staging3.streamlineusa.com/wp-content/uploads/2019/12/DSC_0047-scaled.jpg|http://www.staging3.streamlineusa.com/wp-content/uploads/2019/12/DSC_0054-scaled.jpg|http://www.staging3.streamlineusa.com/wp-content/uploads/2019/12/DSC_0057-scaled.jpg	Noho	3500	General Contractor	Treehouse Designs	SWA Architecture	Commercial	https://www.staging8.streamlineusa.com/commercial/mexicue/	https://www.staging8.streamlineusa.com/wp-content/uploads/2019/12/MEX1.jpg
570	#REF!	13	Mint Kitchen Restaurant	http://www.staging3.streamlineusa.com/wp-content/uploads/2019/12/Creme_Mint-Kitchen_HR-11-1-scaled.jpg|http://www.staging3.streamlineusa.com/wp-content/uploads/2019/12/Mint-Featured-2-scaled.jpg|http://www.staging3.streamlineusa.com/wp-content/uploads/2019/12/Creme_Mint-Kitchen_HR-3-1-scaled.jpg|http://www.staging3.streamlineusa.com/wp-content/uploads/2019/12/Creme_Mint-Kitchen_HR-8-scaled.jpg|http://www.staging3.streamlineusa.com/wp-content/uploads/2019/12/Creme_Mint-Kitchen_HR-6-scaled.jpg|http://www.staging3.streamlineusa.com/wp-content/uploads/2019/12/Creme_Mint-Kitchen_HR-12-1-scaled.jpg|http://www.staging3.streamlineusa.com/wp-content/uploads/2019/12/Creme_Mint-Kitchen_HR-7-scaled.jpg|http://www.staging3.streamlineusa.com/wp-content/uploads/2019/12/Creme_Mint-Kitchen_HR-13-scaled.jpg|http://www.staging3.streamlineusa.com/wp-content/uploads/2019/12/Creme_Mint-Kitchen_HR-2-scaled.jpg|http://www.staging3.streamlineusa.com/wp-content/uploads/2019/12/Creme_Mint-Kitchen_HR-9-scaled.jpg|http://www.staging3.streamlineusa.com/wp-content/uploads/2019/12/Creme_Mint-Kitchen_HR-16-scaled.jpg|http://www.staging3.streamlineusa.com/wp-content/uploads/2019/12/Creme_Mint-Kitchen_HR-11-scaled.jpg|http://www.staging3.streamlineusa.com/wp-content/uploads/2019/12/Creme_Mint-Kitchen_HR-18-1-scaled.jpg|http://www.staging3.streamlineusa.com/wp-content/uploads/2019/12/Creme_Mint-Kitchen_HR-8-1-scaled.jpg|http://www.staging3.streamlineusa.com/wp-content/uploads/2019/12/Creme_Mint-Kitchen_HR-9-2-scaled.jpg|http://www.staging3.streamlineusa.com/wp-content/uploads/2019/12/Creme_Mint-Kitchen_HR-17-1-scaled.jpg|http://www.staging3.streamlineusa.com/wp-content/uploads/2019/12/Creme_Mint-Kitchen_HR-5-1-scaled.jpg|http://www.staging3.streamlineusa.com/wp-content/uploads/2019/12/Creme_Mint-Kitchen_HR-16-1-scaled.jpg|http://www.staging3.streamlineusa.com/wp-content/uploads/2019/12/Creme_Mint-Kitchen_HR-7-1-scaled.jpg|http://www.staging3.streamlineusa.com/wp-content/uploads/2019/12/Creme_Mint-Kitchen_HR-14-1-scaled.jpg|http://www.staging3.streamlineusa.com/wp-content/uploads/2019/12/Creme_Mint-Kitchen_HR-4-1-scaled.jpg|http://www.staging3.streamlineusa.com/wp-content/uploads/2019/12/Creme_Mint-Kitchen_HR-19-scaled.jpg|http://www.staging3.streamlineusa.com/wp-content/uploads/2019/12/Creme_Mint-Kitchen_HR-13-1-scaled.jpg|http://www.staging3.streamlineusa.com/wp-content/uploads/2019/12/Creme_Mint-Kitchen_HR-20-1-scaled.jpg|http://www.staging3.streamlineusa.com/wp-content/uploads/2019/12/Creme_Mint-Kitchen_HR-6-1-scaled.jpg|http://www.staging3.streamlineusa.com/wp-content/uploads/2019/12/Mint-Featured-3-scaled.jpg|http://www.staging3.streamlineusa.com/wp-content/uploads/2019/12/Creme_Mint-Kitchen_HR-15-1-scaled.jpg	West Village	4000	General Contractor	Creme	MZA Architecture	Commercial	https://www.staging8.streamlineusa.com/commercial/mint-kitchen-restaurant/	https://www.staging8.streamlineusa.com/wp-content/uploads/2019/12/Creme_Mint-Kitchen_HR-11-scaled.jpg
512	#REF!	10	Momofuku KO	http://www.staging3.streamlineusa.com/wp-content/uploads/2019/12/Momofuku-Featured.jpg|http://www.staging3.streamlineusa.com/wp-content/uploads/2019/12/20180215_Momofuku_Ko_0173b_WEB.jpg|http://www.staging3.streamlineusa.com/wp-content/uploads/2019/12/20180215_Momofuku_Ko_0206_WEB.jpg|http://www.staging3.streamlineusa.com/wp-content/uploads/2019/12/20180215_Momofuku_Ko_0173_WEB.jpg|http://www.staging3.streamlineusa.com/wp-content/uploads/2019/12/20180215_Momofuku_Ko_0279_WEB.jpg|http://www.staging3.streamlineusa.com/wp-content/uploads/2019/12/20180215_Momofuku_Ko_0280_WEB.jpg|http://www.staging3.streamlineusa.com/wp-content/uploads/2019/12/20180215_Momofuku_Ko_0459_WEB.jpg|http://www.staging3.streamlineusa.com/wp-content/uploads/2019/12/20180215_Momofuku_Ko_0368_WEB.jpg	Bowery	4500	General Contractor	Richard Lewis Architecture		Commercial	https://www.staging8.streamlineusa.com/commercial/momofuku-ko/	https://www.staging8.streamlineusa.com/wp-content/uploads/2019/12/Momofuku-Featured.jpg
494	#REF!	22	Motel 23 Lounge	http://www.staging3.streamlineusa.com/wp-content/uploads/2020/05/20200422_161West23rdSt-3688-Edit-2.jpg|http://www.staging3.streamlineusa.com/wp-content/uploads/2020/05/20200422_161West23rdSt-3612.jpg|http://www.staging3.streamlineusa.com/wp-content/uploads/2020/05/20200422_161West23rdSt-3617.jpg|http://www.staging3.streamlineusa.com/wp-content/uploads/2020/05/20200422_161West23rdSt-3698.jpg|http://www.staging3.streamlineusa.com/wp-content/uploads/2020/05/20200422_161West23rdSt-3677.jpg|http://www.staging3.streamlineusa.com/wp-content/uploads/2020/05/20200422_161West23rdSt-3592.jpg|http://www.staging3.streamlineusa.com/wp-content/uploads/2020/05/20200422_161West23rdSt-3572.jpg|http://www.staging3.streamlineusa.com/wp-content/uploads/2020/05/20200422_161West23rdSt-3587.jpg|http://www.staging3.streamlineusa.com/wp-content/uploads/2020/05/20200422_161West23rdSt-3662.jpg|http://www.staging3.streamlineusa.com/wp-content/uploads/2020/05/20200422_161West23rdSt-3632.jpg|http://www.staging3.streamlineusa.com/wp-content/uploads/2020/05/Motel-23-Featured.jpg|http://www.staging3.streamlineusa.com/wp-content/uploads/2020/05/20200422_161West23rdSt-3602.jpg|http://www.staging3.streamlineusa.com/wp-content/uploads/2020/05/20200422_161West23rdSt-3667.jpg|http://www.staging3.streamlineusa.com/wp-content/uploads/2020/05/20200422_161West23rdSt-3657.jpg|http://www.staging3.streamlineusa.com/wp-content/uploads/2020/05/20200422_161West23rdSt-3672.jpg|http://www.staging3.streamlineusa.com/wp-content/uploads/2020/05/20200422_161West23rdSt-3652.jpg|http://www.staging3.streamlineusa.com/wp-content/uploads/2020/05/20200422_161West23rdSt-3642.jpg|http://www.staging3.streamlineusa.com/wp-content/uploads/2020/05/20200422_161West23rdSt-3637.jpg	Chelsea	3500	General Contractor	Colin Fuda	Atelier New York	Commercial	https://www.staging8.streamlineusa.com/commercial/motel-23-lounge/	https://www.staging8.streamlineusa.com/wp-content/uploads/2020/05/Motel-23-Featured.jpg
549	#REF!	19	My Darling Ivy	http://www.staging3.streamlineusa.com/wp-content/uploads/2020/05/20200507_444W17MyDarlingIvy-4826_27_28_29_30.jpg|http://www.staging3.streamlineusa.com/wp-content/uploads/2020/05/20200507_444W17MyDarlingIvy-4836_37_38_39_40.jpg|http://www.staging3.streamlineusa.com/wp-content/uploads/2020/05/20200507_444W17MyDarlingIvy-4841_2_3_4_5.jpg|http://www.staging3.streamlineusa.com/wp-content/uploads/2020/05/20200507_444W17MyDarlingIvy-4846_47_48_49_50.jpg|http://www.staging3.streamlineusa.com/wp-content/uploads/2020/05/20200507_444W17MyDarlingIvy-4851_2_3_4_5.jpg|http://www.staging3.streamlineusa.com/wp-content/uploads/2020/05/20200507_444W17MyDarlingIvy-4856_57_58_59_60.jpg|http://www.staging3.streamlineusa.com/wp-content/uploads/2020/05/20200507_444W17MyDarlingIvy-4861_2_3_4_5.jpg|http://www.staging3.streamlineusa.com/wp-content/uploads/2020/05/20200507_444W17MyDarlingIvy-4866_67_68_69_70.jpg|http://www.staging3.streamlineusa.com/wp-content/uploads/2020/05/20200507_444W17MyDarlingIvy-4871_2_3_4_5.jpg|http://www.staging3.streamlineusa.com/wp-content/uploads/2020/05/20200507_444W17MyDarlingIvy-4876_77_78_79_80.jpg|http://www.staging3.streamlineusa.com/wp-content/uploads/2020/05/20200507_444W17MyDarlingIvy-4881_2_3_4_5.jpg|http://www.staging3.streamlineusa.com/wp-content/uploads/2020/05/20200507_444W17MyDarlingIvy-4886_87_88_89_90.jpg|http://www.staging3.streamlineusa.com/wp-content/uploads/2020/05/20200507_444W17MyDarlingIvy-4891_2_3_4_5.jpg|http://www.staging3.streamlineusa.com/wp-content/uploads/2020/05/20200507_444W17MyDarlingIvy-4901_2_3_4_5.jpg|http://www.staging3.streamlineusa.com/wp-content/uploads/2020/05/20200507_444W17MyDarlingIvy-4906_07_08_09_10.jpg|http://www.staging3.streamlineusa.com/wp-content/uploads/2020/05/20200507_444W17MyDarlingIvy-4911_2_3_4_5.jpg|http://www.staging3.streamlineusa.com/wp-content/uploads/2020/05/20200507_444W17MyDarlingIvy-4921_2_3_4_5.jpg|http://www.staging3.streamlineusa.com/wp-content/uploads/2020/05/20200507_444W17MyDarlingIvy-4926_27_28_29_30.jpg|http://www.staging3.streamlineusa.com/wp-content/uploads/2020/05/20200507_444W17MyDarlingIvy-4931_2_3_4_5.jpg|http://www.staging3.streamlineusa.com/wp-content/uploads/2020/05/20200507_444W17MyDarlingIvy-4941_2_3_4_5.jpg|http://www.staging3.streamlineusa.com/wp-content/uploads/2020/05/20200507_444W17MyDarlingIvy-4946_47_48_49_50.jpg|http://www.staging3.streamlineusa.com/wp-content/uploads/2020/05/20200507_444W17MyDarlingIvy-4956_57_58_59_60.jpg|http://www.staging3.streamlineusa.com/wp-content/uploads/2020/05/20200507_444W17MyDarlingIvy-4961_2_3_4_5.jpg|http://www.staging3.streamlineusa.com/wp-content/uploads/2020/05/20200507_444W17MyDarlingIvy-4966_67_68_69_70.jpg|http://www.staging3.streamlineusa.com/wp-content/uploads/2020/05/20200507_444W17MyDarlingIvy-4971_2_3_4_5.jpg|http://www.staging3.streamlineusa.com/wp-content/uploads/2020/05/20200507_444W17MyDarlingIvy-4976_77_78_79_80.jpg|http://www.staging3.streamlineusa.com/wp-content/uploads/2020/05/20200507_444W17MyDarlingIvy-4981_2_3_4_5.jpg|http://www.staging3.streamlineusa.com/wp-content/uploads/2020/05/20200507_444W17MyDarlingIvy-4986_87_88_89_90.jpg|http://www.staging3.streamlineusa.com/wp-content/uploads/2020/05/20200507_444W17MyDarlingIvy-5001_2_3_4_5.jpg|http://www.staging3.streamlineusa.com/wp-content/uploads/2020/05/20200507_444W17MyDarlingIvy-5006_07_08_09_10.jpg|http://www.staging3.streamlineusa.com/wp-content/uploads/2020/05/20200507_444W17MyDarlingIvy-5016_17_18_19_20.jpg|http://www.staging3.streamlineusa.com/wp-content/uploads/2020/05/My-Darling-Ivy-Featured.jpg	Chelsea	1500	General Contractor	VJ Moscaritola	Studio Stigsby	Commercial	https://www.staging8.streamlineusa.com/commercial/my-darling-ivy/	https://www.staging8.streamlineusa.com/wp-content/uploads/2020/05/My-Darling-Ivy-Featured.jpg
1931	#REF!	6	Riverside drive Apartment	http://www.staging3.streamlineusa.com/wp-content/uploads/2022/02/420-riverside-102.jpg|http://www.staging3.streamlineusa.com/wp-content/uploads/2022/02/420-riverside-121.jpg|http://www.staging3.streamlineusa.com/wp-content/uploads/2022/02/420-riverside-134.jpg|http://www.staging3.streamlineusa.com/wp-content/uploads/2022/02/420-riverside-150.jpg|http://www.staging3.streamlineusa.com/wp-content/uploads/2022/02/420-riverside-158.jpg|http://www.staging3.streamlineusa.com/wp-content/uploads/2022/02/420-riverside-194.jpg|http://www.staging3.streamlineusa.com/wp-content/uploads/2022/02/420-riverside-249.jpg|http://www.staging3.streamlineusa.com/wp-content/uploads/2022/02/420-riverside-254.jpg|http://www.staging3.streamlineusa.com/wp-content/uploads/2022/02/420-riverside-265.jpg|http://www.staging3.streamlineusa.com/wp-content/uploads/2022/02/420-riverside-36.jpg|http://www.staging3.streamlineusa.com/wp-content/uploads/2022/02/420-riverside-50.jpg|http://www.staging3.streamlineusa.com/wp-content/uploads/2022/02/420-riverside-75.jpg	Morningside Heights	2900	General Contractor	Samantha Orley Interiors	MZA Architecture	Residential	https://www.staging8.streamlineusa.com/residential/riverside-apt/	https://www.staging8.streamlineusa.com/wp-content/uploads/2022/02/420-riverside-134.jpg
506	#REF!	4	Spring Studios, Spring Place	http://www.staging3.streamlineusa.com/wp-content/uploads/2019/12/Spring-Studio-Featured-1.jpg|http://www.staging3.streamlineusa.com/wp-content/uploads/2019/12/16041_pr_springplace_5-5-1621862-3x3-1.jpg|http://www.staging3.streamlineusa.com/wp-content/uploads/2019/12/Spring-Studio.jpg|http://www.staging3.streamlineusa.com/wp-content/uploads/2019/12/8.75x2.25-spring-1-scaled.jpg|http://www.staging3.streamlineusa.com/wp-content/uploads/2019/12/16041_pr_springplace_5-5-1621784-3x2-1.jpg|http://www.staging3.streamlineusa.com/wp-content/uploads/2019/12/16041_pr_springplace_5-5-1621884-3x2-1.jpg|http://www.staging3.streamlineusa.com/wp-content/uploads/2019/12/16041_pr_springplace_5-5-1621823-3x3-1.jpg|http://www.staging3.streamlineusa.com/wp-content/uploads/2019/12/Streamline-USA-Spring-Studios-29-3x2-2.jpg|http://www.staging3.streamlineusa.com/wp-content/uploads/2019/12/SP2020_3-1.png|http://www.staging3.streamlineusa.com/wp-content/uploads/2019/12/SP2020_2.png|http://www.staging3.streamlineusa.com/wp-content/uploads/2019/12/SP2020_3.png|http://www.staging3.streamlineusa.com/wp-content/uploads/2019/12/SP2020_1.jpeg	Tribeca	15000	General Contractor	Bluarch Architecture and Design		Commercial	https://www.staging8.streamlineusa.com/commercial/spring-studios-spring-place/	https://www.staging8.streamlineusa.com/wp-content/uploads/2019/12/Spring-Studio-Featured.jpg
537	531	4	St. Lukes Place townhouse	http://www.staging3.streamlineusa.com/wp-content/uploads/2019/12/West-Village-Featured.jpg|http://www.staging3.streamlineusa.com/wp-content/uploads/2019/12/12.jpg|http://www.staging3.streamlineusa.com/wp-content/uploads/2019/12/14.jpg|http://www.staging3.streamlineusa.com/wp-content/uploads/2019/12/17.jpg|http://www.staging3.streamlineusa.com/wp-content/uploads/2019/12/1.jpg|http://www.staging3.streamlineusa.com/wp-content/uploads/2019/12/3.jpg|http://www.staging3.streamlineusa.com/wp-content/uploads/2019/12/8.jpg|http://www.staging3.streamlineusa.com/wp-content/uploads/2019/12/9.jpg|http://www.staging3.streamlineusa.com/wp-content/uploads/2019/12/10.jpg|http://www.staging3.streamlineusa.com/wp-content/uploads/2019/12/11.jpg|http://www.staging3.streamlineusa.com/wp-content/uploads/2019/12/13.jpg|http://www.staging3.streamlineusa.com/wp-content/uploads/2019/12/15.jpg|http://www.staging3.streamlineusa.com/wp-content/uploads/2019/12/16.jpg|http://www.staging3.streamlineusa.com/wp-content/uploads/2019/12/2.jpg|http://www.staging3.streamlineusa.com/wp-content/uploads/2019/12/4.jpg|http://www.staging3.streamlineusa.com/wp-content/uploads/2019/12/7.jpg|http://www.staging3.streamlineusa.com/wp-content/uploads/2020/07/West-Village-Townhouse-Lrg-scaled.jpg	West Village	5500	General Contractor	Barlis Wedlick	Barlis Wedlick	Residential	https://www.staging8.streamlineusa.com/residential/west-village-townhouse/	https://www.staging8.streamlineusa.com/wp-content/uploads/2019/12/1-1.jpg
436	#REF!	2	Sugarcane Raw Bar And Grill	http://www.staging3.streamlineusa.com/wp-content/uploads/2019/12/Sugarcane-Featured.jpg|http://www.staging3.streamlineusa.com/wp-content/uploads/2019/12/SUGARCANE1.jpg|http://www.staging3.streamlineusa.com/wp-content/uploads/2019/12/SUGARCANE2.jpg|http://www.staging3.streamlineusa.com/wp-content/uploads/2019/12/SUGARCANE3.jpg|http://www.staging3.streamlineusa.com/wp-content/uploads/2019/12/SUGARCANE9.jpg|http://www.staging3.streamlineusa.com/wp-content/uploads/2019/12/SUGARCANE6.jpg|http://www.staging3.streamlineusa.com/wp-content/uploads/2019/12/SUGARCANE4.jpg|http://www.staging3.streamlineusa.com/wp-content/uploads/2019/12/SUGARCANE7.jpg|http://www.staging3.streamlineusa.com/wp-content/uploads/2019/12/SUGARCANE8.jpg	Dumbo	12500	General Contractor + Millwork	CetraRuddy Design	Lawrence Jones Architecture	Commercial	https://www.staging8.streamlineusa.com/commercial/sugar-cane-raw-bar-and-grill/	https://www.staging8.streamlineusa.com/wp-content/uploads/2019/12/Sugarcane-Featured.jpg
2838	#REF!	17	Sullivan St duplex	http://www.staging3.streamlineusa.com/wp-content/uploads/2020/02/DSC_0872-scaled.jpeg|http://www.staging3.streamlineusa.com/wp-content/uploads/2020/02/DSC_0862-scaled.jpeg|http://www.staging3.streamlineusa.com/wp-content/uploads/2020/02/DSC_0867-scaled.jpeg|http://www.staging3.streamlineusa.com/wp-content/uploads/2020/02/DSC_0850-scaled.jpeg|http://www.staging3.streamlineusa.com/wp-content/uploads/2020/02/DSC_0863-scaled.jpg|http://www.staging3.streamlineusa.com/wp-content/uploads/2020/02/DSC_0839-scaled.jpeg|http://www.staging3.streamlineusa.com/wp-content/uploads/2020/02/DSC_0844-scaled.jpg|http://www.staging3.streamlineusa.com/wp-content/uploads/2020/02/DSC_0853-scaled.jpeg|http://www.staging3.streamlineusa.com/wp-content/uploads/2020/02/DSC_0855-scaled.jpeg|http://www.staging3.streamlineusa.com/wp-content/uploads/2020/02/DSC_0847-scaled.jpg|http://www.staging3.streamlineusa.com/wp-content/uploads/2020/02/DSC_0858-scaled.jpeg|http://www.staging3.streamlineusa.com/wp-content/uploads/2020/02/DSC_0860-scaled.jpeg|http://www.staging3.streamlineusa.com/wp-content/uploads/2020/02/DSC_0857-scaled.jpg|http://www.staging3.streamlineusa.com/wp-content/uploads/2020/02/DSC_0871-scaled.jpg|http://www.staging3.streamlineusa.com/wp-content/uploads/2020/02/DSC_0873-scaled.jpg|http://www.staging3.streamlineusa.com/wp-content/uploads/2020/02/DSC_0870-scaled.jpg	SoHo	6000	Millwork + Finishes	Butter and Eggs Design	Michael Tower Architecture	Residential	https://www.staging8.streamlineusa.com/residential/sullivan-st-duplex/	https://www.staging8.streamlineusa.com/wp-content/uploads/2020/02/DSC_0872-scaled.jpeg
2384	#REF!	20	Thompson St. Studio	http://www.staging3.streamlineusa.com/wp-content/uploads/2019/12/THOMPSON_STUDIO-Featured-scaled.jpg|http://www.staging3.streamlineusa.com/wp-content/uploads/2019/12/THOMPSON_STUDIO3-scaled.jpg|http://www.staging3.streamlineusa.com/wp-content/uploads/2019/12/THOMPSON_STUDIO1-scaled.jpg|http://www.staging3.streamlineusa.com/wp-content/uploads/2019/12/THOMPSON_STUDIO4-scaled.jpg|http://www.staging3.streamlineusa.com/wp-content/uploads/2019/12/THOMPSON_STUDIO5-scaled.jpg	SoHo	600	General Contractor + Millwork	SWA Architecture		Residential	https://www.staging8.streamlineusa.com/residential/thompson-st-studio/	https://www.staging8.streamlineusa.com/wp-content/uploads/2019/12/THOMPSON_STUDIO-Featured-scaled.jpg
1907	#REF!	14	Tribeca Loft	http://www.staging3.streamlineusa.com/wp-content/uploads/2019/12/Tribeca-Loft-Featured-scaled.jpg|http://www.staging3.streamlineusa.com/wp-content/uploads/2019/12/IMG_1243-scaled.jpg|http://www.staging3.streamlineusa.com/wp-content/uploads/2019/12/IMG_1244-scaled.jpg|http://www.staging3.streamlineusa.com/wp-content/uploads/2019/12/IMG_1245-scaled.jpg|http://www.staging3.streamlineusa.com/wp-content/uploads/2019/12/IMG_1246-scaled.jpg|http://www.staging3.streamlineusa.com/wp-content/uploads/2019/12/IMG_1247-scaled.jpg|http://www.staging3.streamlineusa.com/wp-content/uploads/2019/12/IMG_1241-scaled.jpg	Tribeca	2500	Millwork + Finishes	Bore		Residential	https://www.staging8.streamlineusa.com/residential/tribeca-loft/	https://www.staging8.streamlineusa.com/wp-content/uploads/2019/12/IMG_1243-scaled.jpg
534	#REF!	18	Upper West Side Apartment	http://www.staging3.streamlineusa.com/wp-content/uploads/2020/05/Upper-West-Side-Apt-Featured.jpg|http://www.staging3.streamlineusa.com/wp-content/uploads/2020/05/IMG_7306.jpg|http://www.staging3.streamlineusa.com/wp-content/uploads/2020/05/IMG_7300.jpg|http://www.staging3.streamlineusa.com/wp-content/uploads/2020/05/IMG_7299.jpg|http://www.staging3.streamlineusa.com/wp-content/uploads/2020/05/IMG_7302.jpg|http://www.staging3.streamlineusa.com/wp-content/uploads/2020/05/IMG_7313.jpg|http://www.staging3.streamlineusa.com/wp-content/uploads/2020/05/IMG_7318.jpg|http://www.staging3.streamlineusa.com/wp-content/uploads/2020/05/IMG_7311.jpg	Upper West Side	1400	General Contractor	Yael and Ori Morag	MZA Architecture	Residential	https://www.staging8.streamlineusa.com/residential/upper-west-side-apartment/	https://www.staging8.streamlineusa.com/wp-content/uploads/2020/05/Upper-West-Side-Apt-Featured.jpg
546	#REF!	7	Versa at the Marriott Renaissance	http://www.staging3.streamlineusa.com/wp-content/uploads/2019/12/Versa-3.jpg|http://www.staging3.streamlineusa.com/wp-content/uploads/2019/12/SL-_-Hospitality-_-218-W35-_-RocknReillys-3.125x3-1.jpg|http://www.staging3.streamlineusa.com/wp-content/uploads/2019/12/SL-_-Hospitality-_-218-W35-_-RocknReillys-5.475x3-2.jpg|http://www.staging3.streamlineusa.com/wp-content/uploads/2019/12/SL-_-Hospitality-_-218-W35-_-RocknReillys-3.125x3-2-scaled.jpg|http://www.staging3.streamlineusa.com/wp-content/uploads/2019/12/Versa-1.jpg|http://www.staging3.streamlineusa.com/wp-content/uploads/2019/12/Versa-2.jpg|http://www.staging3.streamlineusa.com/wp-content/uploads/2019/12/Featured-Rock-and-Rileys-scaled.jpg|http://www.staging3.streamlineusa.com/wp-content/uploads/2019/12/Versa-4.jpg|http://www.staging3.streamlineusa.com/wp-content/uploads/2019/12/versa-canopy2.jpg	Herald Square	18000	Construction Manager	Celano Design		Commercial	https://www.staging8.streamlineusa.com/commercial/versa-marriott/	https://www.staging8.streamlineusa.com/wp-content/uploads/2019/12/Versa-3.jpg
531	494	14	Vivvi Daycare	http://www.staging3.streamlineusa.com/wp-content/uploads/2019/12/11OF11-VIVVI-F.OUDEMAN11-scaled.jpg|http://www.staging3.streamlineusa.com/wp-content/uploads/2019/12/11OF11-VIVVI-F.OUDEMAN┬⌐-03-scaled.jpg|http://www.staging3.streamlineusa.com/wp-content/uploads/2019/12/Vivvi-Featured-5-scaled.jpg|http://www.staging3.streamlineusa.com/wp-content/uploads/2019/12/Vivvi-2-1-scaled.jpg|http://www.staging3.streamlineusa.com/wp-content/uploads/2019/12/Vivvi-6-scaled.jpg|http://www.staging3.streamlineusa.com/wp-content/uploads/2019/12/11OF11-VIVVI-F.OUDEMAN09-1-scaled.jpg|http://www.staging3.streamlineusa.com/wp-content/uploads/2019/12/Vivvi-7-scaled.jpg|http://www.staging3.streamlineusa.com/wp-content/uploads/2019/12/Vivvi-8-scaled.jpg|http://www.staging3.streamlineusa.com/wp-content/uploads/2019/12/11OF11-VIVVI-F.OUDEMAN10-3-scaled.jpg|http://www.staging3.streamlineusa.com/wp-content/uploads/2019/12/Vivvi-5-scaled.jpg|http://www.staging3.streamlineusa.com/wp-content/uploads/2019/12/Vivvi-2-2-scaled.jpg|http://www.staging3.streamlineusa.com/wp-content/uploads/2019/12/11OF11-VIVVI-F.OUDEMAN12-2-scaled.jpg|http://www.staging3.streamlineusa.com/wp-content/uploads/2019/12/11OF11-VIVVI-F.OUDEMAN┬⌐-13-2-scaled.jpg	Tribeca	10000	General Contractor	eleven of eleven architecture		Commercial	https://www.staging8.streamlineusa.com/commercial/vivvi-daycare/	https://www.staging8.streamlineusa.com/wp-content/uploads/2019/12/11OF11-VIVVI-F.OUDEMAN11-scaled.jpg
517	2853	15	ViVVI Daycare	http://www.staging3.streamlineusa.com/wp-content/uploads/2022/02/20210219_55HudsonYards-5128-scaled.jpg|http://www.staging3.streamlineusa.com/wp-content/uploads/2022/02/20210219_55HudsonYards-5133-scaled.jpg|http://www.staging3.streamlineusa.com/wp-content/uploads/2022/02/20210219_55HudsonYards-5138-scaled.jpg|http://www.staging3.streamlineusa.com/wp-content/uploads/2022/02/20210219_55HudsonYards-5143-scaled.jpg|http://www.staging3.streamlineusa.com/wp-content/uploads/2022/02/20210219_55HudsonYards-5148-scaled.jpg|http://www.staging3.streamlineusa.com/wp-content/uploads/2022/02/20210219_55HudsonYards-5158-scaled.jpg|http://www.staging3.streamlineusa.com/wp-content/uploads/2022/02/20210219_55HudsonYards-5178-scaled.jpg|http://www.staging3.streamlineusa.com/wp-content/uploads/2022/02/20210219_55HudsonYards-5183-scaled.jpg|http://www.staging3.streamlineusa.com/wp-content/uploads/2022/02/20210219_55HudsonYards-5188-scaled.jpg|http://www.staging3.streamlineusa.com/wp-content/uploads/2022/02/20210219_55HudsonYards-5193-scaled.jpg|http://www.staging3.streamlineusa.com/wp-content/uploads/2022/02/20210219_55HudsonYards-5203-scaled.jpg|http://www.staging3.streamlineusa.com/wp-content/uploads/2022/02/20210219_55HudsonYards-5223-scaled.jpg|http://www.staging3.streamlineusa.com/wp-content/uploads/2022/02/20210219_55HudsonYards-5238-scaled.jpg|http://www.staging3.streamlineusa.com/wp-content/uploads/2022/02/20210219_55HudsonYards-5248-scaled.jpg|http://www.staging3.streamlineusa.com/wp-content/uploads/2022/02/20210219_55HudsonYards-5253-scaled.jpg|http://www.staging3.streamlineusa.com/wp-content/uploads/2022/02/20210219_55HudsonYards-5258-scaled.jpg|http://www.staging3.streamlineusa.com/wp-content/uploads/2022/02/20210219_55HudsonYards-5268-scaled.jpg|http://www.staging3.streamlineusa.com/wp-content/uploads/2022/02/20210219_55HudsonYards-5363-scaled.jpg|http://www.staging3.streamlineusa.com/wp-content/uploads/2022/02/20210219_55HudsonYards-5278-scaled.jpg|http://www.staging3.streamlineusa.com/wp-content/uploads/2022/02/20210219_55HudsonYards-5293-scaled.jpg|http://www.staging3.streamlineusa.com/wp-content/uploads/2022/02/20210219_55HudsonYards-5298-scaled.jpg|http://www.staging3.streamlineusa.com/wp-content/uploads/2022/02/20210219_55HudsonYards-5303-scaled.jpg|http://www.staging3.streamlineusa.com/wp-content/uploads/2022/02/20210219_55HudsonYards-5308-scaled.jpg|http://www.staging3.streamlineusa.com/wp-content/uploads/2022/02/20210219_55HudsonYards-5313-scaled.jpg|http://www.staging3.streamlineusa.com/wp-content/uploads/2022/02/20210219_55HudsonYards-5323-scaled.jpg|http://www.staging3.streamlineusa.com/wp-content/uploads/2022/02/20210219_55HudsonYards-5328-scaled.jpg|http://www.staging3.streamlineusa.com/wp-content/uploads/2022/02/20210219_55HudsonYards-5333-scaled.jpg|http://www.staging3.streamlineusa.com/wp-content/uploads/2022/02/20210219_55HudsonYards-5338-scaled.jpg|http://www.staging3.streamlineusa.com/wp-content/uploads/2022/02/20210219_55HudsonYards-5343-scaled.jpg|http://www.staging3.streamlineusa.com/wp-content/uploads/2022/02/20210219_55HudsonYards-5348-scaled.jpg|http://www.staging3.streamlineusa.com/wp-content/uploads/2022/02/20210219_55HudsonYards-5353-scaled.jpg|http://www.staging3.streamlineusa.com/wp-content/uploads/2022/02/20210219_55HudsonYards-5368-scaled.jpg|http://www.staging3.streamlineusa.com/wp-content/uploads/2022/02/20210219_55HudsonYards-5373-scaled.jpg	Hudson Yards	7500	General Contractor	Eleven of Eleven design	Carol Gretter Elven of Eleven architecture	Commercial	https://www.staging8.streamlineusa.com/commercial/vivvi-daycare-hudson-yards/	https://www.staging8.streamlineusa.com/wp-content/uploads/2022/02/20210219_55HudsonYards-5373-scaled.jpg
2366	#REF!	22	Wainscott, East Hampton Residence	http://www.staging3.streamlineusa.com/wp-content/uploads/2020/05/IMG_1256.png|http://www.staging3.streamlineusa.com/wp-content/uploads/2020/05/IMG_1257.png|http://www.staging3.streamlineusa.com/wp-content/uploads/2020/05/IMG_2545.png|http://www.staging3.streamlineusa.com/wp-content/uploads/2020/05/IMG_2544.png|http://www.staging3.streamlineusa.com/wp-content/uploads/2020/05/IMG_1267.png|http://www.staging3.streamlineusa.com/wp-content/uploads/2020/05/IMG_2543.png|http://www.staging3.streamlineusa.com/wp-content/uploads/2020/05/IMG_1262.png|http://www.staging3.streamlineusa.com/wp-content/uploads/2020/05/IMG_1265.png|http://www.staging3.streamlineusa.com/wp-content/uploads/2020/05/IMG_1259.png|http://www.staging3.streamlineusa.com/wp-content/uploads/2020/05/IMG_1264.png|http://www.staging3.streamlineusa.com/wp-content/uploads/2020/05/IMG_1263.png|http://www.staging3.streamlineusa.com/wp-content/uploads/2020/05/IMG_1260.png|http://www.staging3.streamlineusa.com/wp-content/uploads/2020/05/IMG_1266.png|http://www.staging3.streamlineusa.com/wp-content/uploads/2020/05/IMG_1261.png|http://www.staging3.streamlineusa.com/wp-content/uploads/2020/05/IMG_1258.png	Wainscott, East Hampton	3200	Construction Consultant	Nathalie Akiya Design		Residential	https://www.staging8.streamlineusa.com/residential/wainscott-east-hampton-residence/	https://www.staging8.streamlineusa.com/wp-content/uploads/2020/05/IMG_1256.png
523	#REF!	7	WARREN ST APT	http://www.staging3.streamlineusa.com/wp-content/uploads/2022/02/20210222_30WarrenSt-0133.jpg|http://www.staging3.streamlineusa.com/wp-content/uploads/2022/02/20210222_30WarrenSt-0138.jpg|http://www.staging3.streamlineusa.com/wp-content/uploads/2022/02/20210222_30WarrenSt-0143.jpg|http://www.staging3.streamlineusa.com/wp-content/uploads/2022/02/20210222_30WarrenSt-0153.jpg|http://www.staging3.streamlineusa.com/wp-content/uploads/2022/02/20210222_30WarrenSt-0158.jpg|http://www.staging3.streamlineusa.com/wp-content/uploads/2022/02/20210222_30WarrenSt-0163-2.jpg|http://www.staging3.streamlineusa.com/wp-content/uploads/2022/02/20210222_30WarrenSt-0163.jpg|http://www.staging3.streamlineusa.com/wp-content/uploads/2022/02/20210222_30WarrenSt-0168-2.jpg|http://www.staging3.streamlineusa.com/wp-content/uploads/2022/02/20210222_30WarrenSt-0168.jpg|http://www.staging3.streamlineusa.com/wp-content/uploads/2022/02/20210222_30WarrenSt-0173-2.jpg|http://www.staging3.streamlineusa.com/wp-content/uploads/2022/02/20210222_30WarrenSt-0173.jpg|http://www.staging3.streamlineusa.com/wp-content/uploads/2022/02/20210222_30WarrenSt-0178-2.jpg|http://www.staging3.streamlineusa.com/wp-content/uploads/2022/02/20210222_30WarrenSt-0178.jpg|http://www.staging3.streamlineusa.com/wp-content/uploads/2022/02/20210222_30WarrenSt-0183-2.jpg|http://www.staging3.streamlineusa.com/wp-content/uploads/2022/02/20210222_30WarrenSt-0183.jpg|http://www.staging3.streamlineusa.com/wp-content/uploads/2022/02/20210222_30WarrenSt-0208-2.jpg|http://www.staging3.streamlineusa.com/wp-content/uploads/2022/02/20210222_30WarrenSt-0208.jpg|http://www.staging3.streamlineusa.com/wp-content/uploads/2022/02/20210222_30WarrenSt-0213.jpg|http://www.staging3.streamlineusa.com/wp-content/uploads/2022/02/20210222_30WarrenSt-0218.jpg|http://www.staging3.streamlineusa.com/wp-content/uploads/2022/02/20210222_30WarrenSt-0228-2.jpg|http://www.staging3.streamlineusa.com/wp-content/uploads/2022/02/20210222_30WarrenSt-0228.jpg|http://www.staging3.streamlineusa.com/wp-content/uploads/2022/02/20210222_30WarrenSt-0238-2.jpg|http://www.staging3.streamlineusa.com/wp-content/uploads/2022/02/20210222_30WarrenSt-0238.jpg|http://www.staging3.streamlineusa.com/wp-content/uploads/2022/02/20210222_30WarrenSt-0248.jpg|http://www.staging3.streamlineusa.com/wp-content/uploads/2022/02/20210222_30WarrenSt-0253.jpg|http://www.staging3.streamlineusa.com/wp-content/uploads/2022/02/20210222_30WarrenSt-0258.jpg|http://www.staging3.streamlineusa.com/wp-content/uploads/2022/02/20210222_30WarrenSt-0263.jpg|http://www.staging3.streamlineusa.com/wp-content/uploads/2022/02/20210222_30WarrenSt-0273.jpg	Tribeca	2600	General Contractor	Current Interiors	Michael Tower Architecture	Residential	https://www.staging8.streamlineusa.com/residential/warren-st-apt/	https://www.staging8.streamlineusa.com/wp-content/uploads/2022/02/20210222_30WarrenSt-0178.jpg
2850	#REF!	20	Washington Sq. Dermatology	http://www.staging3.streamlineusa.com/wp-content/uploads/2019/12/wash.jpg|http://www.staging3.streamlineusa.com/wp-content/uploads/2019/12/Washington-Sq-Derm-Featured.jpg|http://www.staging3.streamlineusa.com/wp-content/uploads/2019/12/Streamline-USA-Washington-Square-Dermatology-2.08x2.63.jpg|http://www.staging3.streamlineusa.com/wp-content/uploads/2019/12/Streamline-USA-Washington-Square-Dermatology-3.69x4.36.jpg|http://www.staging3.streamlineusa.com/wp-content/uploads/2019/12/Streamline-USA-Washington-Square-Dermatology-1.71x4.37.jpg	West Village	2500	General Contractor	Dr. Samer Jaber		Commercial	https://www.staging8.streamlineusa.com/commercial/washington-sq-dermatology/	https://www.staging8.streamlineusa.com/wp-content/uploads/2019/12/wash.jpg
540	#REF!	11	West 23rd St. Townhouse	http://www.staging3.streamlineusa.com/wp-content/uploads/2019/12/tersigni-palachek-residential-manhattan-townhouse-04.png|http://www.staging3.streamlineusa.com/wp-content/uploads/2019/12/tersigni-palachek-residential-manhattan-townhouse-05.png|http://www.staging3.streamlineusa.com/wp-content/uploads/2019/12/tersigni-palachek-residential-manhattan-townhouse-03.png|http://www.staging3.streamlineusa.com/wp-content/uploads/2019/12/tersigni-palachek-residential-manhattan-townhouse-02.png|http://www.staging3.streamlineusa.com/wp-content/uploads/2019/12/tersigni-palachek-residential-manhattan-townhouse-01.png|http://www.staging3.streamlineusa.com/wp-content/uploads/2019/12/tersigni-palachek-residential-manhattan-townhouse-01a.png|http://www.staging3.streamlineusa.com/wp-content/uploads/2019/12/tersigni-palachek-residential-manhattan-townhouse-06.png|http://www.staging3.streamlineusa.com/wp-content/uploads/2019/12/tersigni-palachek-residential-manhattan-townhouse-07.png|http://www.staging3.streamlineusa.com/wp-content/uploads/2019/12/tersigni-palachek-residential-manhattan-townhouse-08.png	Chelsea	2200	General Contractor + Millwork	Tersigni Palachek Design	Tersigni Palachek Design	Residential	https://www.staging8.streamlineusa.com/residential/west-23rd-townhouse/	https://www.staging8.streamlineusa.com/wp-content/uploads/2019/12/W23-Featured.jpg.png
2396	#REF!	12	Wyckoff Townhouse	http://www.staging3.streamlineusa.com/wp-content/uploads/2022/02/20211202_118WyckoffSt-0964-scaled.jpg|http://www.staging3.streamlineusa.com/wp-content/uploads/2022/02/20211202_118WyckoffSt-0974-scaled.jpg|http://www.staging3.streamlineusa.com/wp-content/uploads/2022/02/20211202_118WyckoffSt-0994-scaled.jpg|http://www.staging3.streamlineusa.com/wp-content/uploads/2022/02/20211202_118WyckoffSt-1009-scaled.jpg|http://www.staging3.streamlineusa.com/wp-content/uploads/2022/02/20211202_118WyckoffSt-1039-scaled.jpg|http://www.staging3.streamlineusa.com/wp-content/uploads/2022/02/20211202_118WyckoffSt-1074-scaled.jpg|http://www.staging3.streamlineusa.com/wp-content/uploads/2022/02/20211202_118WyckoffSt-1099-scaled.jpg|http://www.staging3.streamlineusa.com/wp-content/uploads/2022/02/20211202_118WyckoffSt-1104-scaled.jpg|http://www.staging3.streamlineusa.com/wp-content/uploads/2022/02/20211202_118WyckoffSt-1159-scaled.jpg|http://www.staging3.streamlineusa.com/wp-content/uploads/2022/02/20211202_118WyckoffSt-1174-scaled.jpg|http://www.staging3.streamlineusa.com/wp-content/uploads/2022/02/20211202_118WyckoffSt-1179-scaled.jpg|http://www.staging3.streamlineusa.com/wp-content/uploads/2022/02/20211202_118WyckoffSt-1184-scaled.jpg	Boerum Hill	4500	General Contractor	Current Interiors, Rachel Kane, and Xandro Aventajado		Residential	https://www.staging8.streamlineusa.com/residential/wyckoff-st-townhouse/	https://www.staging8.streamlineusa.com/wp-content/uploads/2022/02/20211202_118WyckoffSt-0964-scaled.jpg
