wp_id	slug	title	category	post_date	status	permalink	location	size_sq_ft	role_raw	designed_by	architecture_by	architect_status	images	gallery_ids	thumbnail_id	featured_in_gallery	min_w	median_w	max_w	n_ge1920	n_square	n_with_alt	n_with_larger_original	old_slugs	description	mission	challenges	lessons_learned
433	grand-ole-opry-city-stage	Grand Ole Opry City Stage	commercial	2019-12-09 02:43:58	publish	https://www.streamlineusa.com/commercial/grand-ole-opry-city-stage/	Times Square	22000	Construction Manager	Morris Nathanson Interior Design	SWA architecture	ok	11	434;861;862;863;864;865;866;867;868;869;870	434	yes	480	1800	1800	0	0	0	0		Our mission was to create a city stage sister venue to the biggest named country music stage in the world located in Nashville. Challenges: Bringing to life the same excitement in a new state of the art technical venue. To work on Broadway in Times Square with logistical issues that are physically unmatched. Manning the job with hundreds of men to run at a fast paced schedule. Working in conjunction with teams of specialists in another state, while coordinating activity on the site daily. Streamline's role for this project was Construction Manager.	To create a city stage sister venue to the biggest named country music stage in the world in Nashville. Bringing to life the same excitement in a new state of the art technical venue.	To work on Broadway in Times Square with logistical issues that are physically unmatched. Manning the job with hundreds of men to run at a fast paced schedule.	Working in conjunction with teams of specialists in another state, while coordinating activity on the site daily.
436	sugar-cane-raw-bar-and-grill	Sugarcane Raw Bar And Grill	commercial	2019-12-09 02:45:35	publish	https://www.streamlineusa.com/commercial/sugar-cane-raw-bar-and-grill/	Brooklyn	12500	General Contractor + Millwork	CetraRuddy Design	Lawrence Jones Architecture	ok	9	442;437;852;853;856;859;854;858;855	442	yes	800	1200	1500	0	0	0	0		We transformed a historic rustic empty space in one of the oldest buildings standing in America, to a five star restaurant directly under the Brooklyn Bridge. Challenges: Create four full service bar locations featuring an over-sized open kitchen. Rustic metal and reclaimed wood finishes set the tone to capture the original concept of the building. Used the original iron gates to preserve the integrity of the space. Flawlessly executing the project’s scope and tight timelines; challenged by a host of logistical hurdles due to working in one of New York City’s busiest commercial districts. Streamline's role was GC, and we self performed the millwork.	To transform a historic rustic empty space in one of the oldest buildings standing in America in to a five star restaurant directly under the Brooklyn Bridge.	Create four full service bar locations featuring an over-sized open kitchen. Rustic metal and reclaimed wood finishes set the tone to capture the original concept of the building. Used the original iron gates to preserve the integrity of the space.	Flawlessly executing the project’s scope and tight timelines; challenged by a host of logistical hurdles due to working in one of New York City’s busiest commercial districts.
439	boqueria-restaurant	Boqueria Restaurant	commercial	2019-12-09 02:48:36	publish	https://www.streamlineusa.com/commercial/boqueria-restaurant/	Midtown	10500	General Contractor	Studio Razavi	Bill White	ok	9	440;839;837;838;843;844;845;846;850	440	yes	1709	2048	2048	7	0	1	9		A flagship restaurant in a brand new out of the ground AC Marriott hotel in Times Square. This 5-star restaurant was built in a new hotel that was being developed in tandem. We coordinated with the building's GC during construction and installation of the glass curtain wall storefront. Streamline was the General Contractor for this project.	To build a 5-star restaurant in a new hotel that was being developed in tandem.	Coordination with the building's GC during construction and installation of the glass curtain wall storefront	Always look way ahead while under construction with a new out of ground building.  Utilities may not be available on time as planned
443	mint-kitchen-restaurant	Mint Kitchen Restaurant	commercial	2019-12-09 02:54:58	publish	https://www.streamlineusa.com/commercial/mint-kitchen-restaurant/	West Village	4000	General Contractor	Creme	MZA Architecture	ok	27	1215;488;833;829;827;1214;828;815;1198;830;818;813;1216;1213;1212;1211;1210;1209;1208;1207;1206;1205;1204;1203;1202;1201;1197	813	yes	1707	1707	2048	12	0	0	27	free-people-retail-store-2;mint-kitchen-restaurant-2	A 4,000 sq ft gut renovation of an existing restaurant on University Place. New storefront, taboo oven and stadium seating along with lots of custom millwork. We worked in a building with time constraints and neighbors in close proximity. Building under a very tight timeline requires many look aheads to not miss the deadline. Streamline was the General Contractor for this project.		Working in a building with time constraints and neighbors very close in proximity	Building under a very tight timeline requires many look aheads to not miss the deadline
491	kat-theo	Kat & Theo	commercial	2019-12-09 02:56:22	publish	https://www.streamlineusa.com/commercial/kat-theo/	Flatiron District	2300	General Contractor + Millwork	Aviva Collective	Claudia Pinto	ok	10	1009;492;808;809;810;1008;1010;1011;1012;1013	1009	yes	818	1857	2048	2	0	1	0		Executive Chef Paras Shah’s fine-dining restaurant debut in the Flatiron District, where the ambiance needed to be cozy and social. Challenges: Preserve delicate existing brick work, highly-detailed coffered ceilings made with reclaimed lumber and extensive custom decorative metal work, integrating the kitchen and it’s mechanical requirements within the space to enhance the atmosphere without being distracting. Gained expertise through the restoration of delicate, century-old brick wall as well as sourcing, fabricating, and installing custom millwork using reclaimed lumber. Streamline's role was GC, and we self performed the millwork.	Realize executive Chef Paras Shah’s fine-dining restaurant debut in the Flatiron District where the ambiance needed to be cozy and social.	Preserve delicate existing brick work, highly-detailed coffered ceilings made with reclaimed lumber and extensive custom decorative metal work, integrating the kitchen and it’s mechanical requirements within the space to enhance the atmosphere without being distracting	Gained expertise through the restoration of delicate, century-old brick wall as well as sourcing, fabricating, and installing custom millwork using reclaimed lumber.
494	vivvi-daycare-tribeca	ViVVI Daycare Tribeca	commercial	2019-12-09 03:01:46	publish	https://www.streamlineusa.com/commercial/vivvi-daycare-tribeca/	Tribeca	10000	General Contractor	Eleven of Eleven architecture	Carol Gretter	ok	13	796;790;501;930;927;799;926;925;803;929;931;806;794	796	yes	2048	2048	2048	13	0	0	13	motel-23-lounge-2;vivvi-daycare	10k sq ft state of the art Day Care center for the Tribeca neighborhood at Hudson Square. Challenges: Working within the building systems, rules and regulations throughout the course of the project. We had a fast paced schedule that proved to be doable, meeting the spring season opening date. Streamline was the General Contractor for this project.	To build a 10k sq ft state of the art Day Care center for the Tribeca neighborhood at Hudson Square	Working within the building systems, rules and regulations throughout the course of the project	Fast paced schedule that proved to be doable meeting the spring season opening date
503	free-people-retail-store	Free People Retail Store	commercial	2019-12-09 03:03:03	publish	https://www.streamlineusa.com/commercial/free-people-retail-store/	Meatpacking District	7000	Carpentry + Finishes	David Levy Design	David Levy Architecture	ok	6	1021;1019;1022;1018;1017;1020	580	no	513	868	1920	1	0	0	1	madison-avenue-penthouse-2	A 7,000 sq ft gut renovation of a part of the old homestead steakhouse on 9th ave in meatpacking district. New staircase and elevator. We had to convert an old Homestead Steakhouse landmark building into a custom retail operation. Working on one of the busiest streets in the city was one of our challenges. Streamline performed the carpentry and finishes for this project.	To convert an old Homestead Steakhouse landmark building into a custom retail operation.	Working on one of the busiest streets in the city.	Think ahead when working with the interior design team for a major retail operation.
506	spring-studios-spring-place	Spring Studios, Spring Place	commercial	2019-12-09 03:04:15	publish	https://www.streamlineusa.com/commercial/spring-studios-spring-place/	Tribeca	15000	General Contractor	Bluarch Design	Antonio DiOronzo	ok	12	782;1188;1902;1189;1190;1191;1192;1194;1892;1893;1894;1895	1894	yes	640	900	2048	1	2	0	1		Our mission was to create an open, multifunctional, modern, and exclusive catering and event space for high profile events such as Fashion Week. Extensive hand-worked concrete finishes and precision installation of custom cut over-sized metal and glass doors were some challenges we faced. Complex imported metal ceilings required precision coordination and high levels of relentless quality control management under a tight, commercially driven time frame. Working under intense timelines can complicate the schedule. We had to work 3 shifts a day to execute the project correctly. Streamline was the General Contractor for this project.	Create an open, multifunctional, modern, and exclusive catering and event space for high profile events such as Fashion Week.	Extensive hand worked concrete finishes, precision installation of custom cut over-sized metal and glass doors. Complex imported metal ceilings required precision coordination and high levels of relentless quality control management under a tight, commercially driven time frame.	Working under intense timelines can complicate the schedule.  We had to work 3 shifts a day to execute the project correctly.
509	burger-lobster	Burger & Lobster	commercial	2019-12-09 03:05:40	publish	https://www.streamlineusa.com/commercial/burger-lobster/	Bryant Park	8500	General Contractor + Millwork	MZA Architecture	Design LSM	ok	7	510;771;770;772;774;775;773	773	yes	1200	1200	1200	0	0	0	0		The client wanted us to bring an existing unusable space to life, and create a flagship establishment for this UK brand in NYC. Challenges: Concrete floors, ceilings, and non-existing utilities made the project a challenging build-out. Inserting an opening into the roof to add natural light by installing an over-sized skylight as well as incorporating reclaimed wood flooring material. Flawlessly executing the project’s scope and tight timelines; challenged by a host of logistical hurdles due to working in one of New York City’s busiest districts. Streamline's role was GC, and we self performed the millwork.	To bring an existing unusable space to life and create a flagship establishment for this UK brand in NYC. Infusing life into a previously unusable space. Concrete floors, ceilings, and non-existing utilities made the project a challenging build-out.	Inserting an opening into the roof to add natural light by installing an over-sized skylight as well as incorporating reclaimed wood flooring material.	Flawlessly executing the project’s scope and tight timelines; challenged by a host of logistical hurdles due to working in one of New York City’s busiest districts.
512	momofuku-ko	Momofuku KO	commercial	2019-12-09 03:07:03	publish	https://www.streamlineusa.com/commercial/momofuku-ko/	Bowery	4500	General Contractor	Richard Lewis design	Richard Lewis Architecture	ok	8	514;762;763;764;765;766;767;768	514	yes	1500	1500	1500	0	0	0	0		We added an additional floor and kitchen space while increasing the seating and table areas in a very busy location. Challenges: Working around the clock, supplying new HVAC to an existing space without disrupting business in a very limited time frame. We learned to create a new look in an extension of an existing restaurant with a good flow all while making sure the neighbors are on board with adjoining spaces. We always insured schedules can be maintained, so as not to disrupt the flow of reservations. Streamline was the General Contractor for this project.	To add an additional floor and kitchen space while increasing the seating and table areas in a very busy location.	Working around the clock, supplying new HVAC, to an existing space without disrupting business in a very limited time frame.To create a new look in an extension of an existing restaurant with a good flow.	Making sure the neighbors are on board with adjoining spaces, and always insure schedules can be followed, so as not to disrupt the flow of reservations.
517	hudson-street-penthouse	Hudson Street Penthouse	residential	2019-12-02 03:09:00	publish	https://www.streamlineusa.com/residential/hudson-street-penthouse/	Tribeca	3500	Millwork + Finishes	Alex May	212Box Architecture	ok	10	739;749;747;743;744;745;746;750;752;748	755	no	640	1211	1600	0	0	0	0	hudson-street-penthouse-2;vivvi-daycare-hudson-yards-2	Streamline refurbished an existing penthouse location with millwork and intricate wall coverings. We upgraded the apartment with new doors, matching floor and trim finishes. Combining the existing structural components with modern details created a chic and refined look. Fabrications of custom millwork furniture matching decorative ceiling details and intricate wall coverings. Streamline performed the millwork and finishes.	To refurbish an existing penthouse location with millwork and intricate wall coverings. Upgrade the apartment with new doors, matching floor and trim finishes.	Combining the existing structural components with modern details to create a chic and refined look.	Fabrications of custom millwork furniture matching decorative ceiling details and intricate wall coverings
520	tribeca-loft	Tribeca Loft	residential	2019-12-12 03:13:00	publish	https://www.streamlineusa.com/residential/tribeca-loft/	Tribeca	2500	Millwork + Finishes	Bore		empty	6	521;729;730;731;732;733	521	yes	1920	1920	1920	6	0	0	6	horatio-st-townhouse-2;tribeca-loft-2	Our mission was to remodel and beautify an old loft space in Tribeca. Dealing with a very small elevator and having to carry most of the interior finishes up the stairs was a challenge. We worked with boom lifts to hoist millwork through the window to insure quality. We handled fabrications of custom millwork furniture matching decorative ceiling details and intricate wall coverings. Streamline self performed the millwork and finishes.	To remodel and beautify an old loft space in Tribeca	Dealing with a very small elevator and having to carry most of the interior finishes up the stairs. Working with boom lifts to hoist millwork through the window to insure quality.	Fabrications of custom millwork furniture matching decorative ceiling details and intricate wall coverings
523	madison-ave-duplex-2	Madison Ave Duplex	residential	2019-12-09 03:15:36	publish	https://www.streamlineusa.com/residential/madison-ave-duplex-2/	Murray Hill	3400	General Contractor + Millwork	Lynch Eisinger Design	Christian Lynch	ok	6	1114;1109;1110;1111;1112;1113	727	no	900	982	2048	1	0	0	1	madison-ave-duplex-penthouse;madison-avenue-penthouse;warren-st-apt-2	We created a comfortable and functional open-concept home for a young family by combining three penthouse apartments enhanced by a 5,500 sq ft roof deck. Challenges: Build new kitchen over terrace space to bring light into apartment, rebuild existing brick bulkhead with extensive structural work to support new water tower, install custom steel staircase with tight tolerances in finished stairwell. Creating an open floor plan with structural and mechanical constraints required carefully balancing the owner’s budget and the design team’s vision. Streamline's role was GC, and we self performed the millwork.	Create a comfortable and functional open-concept home for a young family by combining three penthouse apartments enhanced by a 5,500 sq ft roof deck.	Build new kitchen over terrace space to bring light into apartment, rebuild existing brick bulkhead with extensive structural work to support new water tower, install custom steel staircase with tight tolerances in finished stairwell.	Creating an open floor plan with structural and mechanical constrains required carefully balancing the owner’s budget and the design team’s vision.
527	1st-ave-apt	1st Ave Apartment	residential	2019-12-29 03:16:00	publish	https://www.streamlineusa.com/residential/1st-ave-apt/	Murray Hill	2000	General Contractor + Millwork	Lua Scremin	SWA Architecture	ok	7	528;716;717;718;719;720;721	528	yes	800	1200	1200	0	0	0	0	hells-kitchen-apt;hells-kitchen-apt-2;madison-ave-duplex;murray-hill-apartments	Our goal was to gut renovate a poorly laid out apartment and modernize it. This project was on the 31st floor- 2 bedroom 2.5 bathroom apartment. Challenges: Working in a high rise building with multiple construction projects going on. Elevator use and logistics for operations is always a challenge. Bringing to life the vision of the design team within the budget of the client. Lessons: Having all the design intent worked out prior to start of the project. Utilizing the budget as a base line in design. Using the amazing views of the city as a back drop always creates a nice working environment. Streamline's role was GC, and we self performed the millwork.	Gut renovate a very poorly laid out apartment and modernize it. 31st floor 2 bedroom 2.5 bathroom apartment.	Working in a high rise building with multiple construction projects going on. Elevator use and logistics for operations is always a challenge. Bringing to life the vision of the design team within the budget of the client.	Having all the design intent worked out prior to start of the project. Utilizing the budget as a base line in design. Using the amazing views of the city as a back drop always greats a nice working environment.
531	st-lukes-place-townhouse	St. Lukes Place townhouse	residential	2019-12-03 03:18:00	publish	https://www.streamlineusa.com/residential/st-lukes-place-townhouse/	West Village	5500	General Contractor	Barlis Wedlick	Barlis Wedlick	ok	17	532;700;701;702;703;704;699;706;707;708;705;709;710;711;712;714;2597	1968	no	733	1649	2048	1	0	0	1	st-lukes-place-townhouse-2;vivvi-daycare;west-village-townhouse;west-village-townhouse-2	A 5,500 sq ft full gut renovation of an existing 4 story townhouse. We added a penthouse extension to the house, elevator and a passive thermo rating, creating a truly elegant traditional townhouse. Working side by side with very old neighboring properties and requiring seismic monitoring during the process. We worked together with the architects and designers during the rollout of the full design package while taking into account all the details required. Streamline was the General Contractor for this project.		Working side by side with very old neighboring properties and requiring seismic monitoring during the process.	Working together with the architects and designers during the roll out of the full design package and taking into account all the details required.
534	thompson-st-studio	Thompson St. Studio	residential	2019-12-28 03:21:00	publish	https://www.streamlineusa.com/residential/thompson-st-studio/	SOHO	600	General Contractor + Millwork	Efrain Perez	SWA Architecture	ok	5	535;694;695;696;697	535	yes	2048	2048	2048	5	0	0	5	thompson-st-studio-2;upper-west-side-apartment-2	The project involved gut renovating a studio apartment on the 5th floor. We modernized the entire space, while dealing with a crooked ceiling and floor joists. We utilized existing landmarked windows and made them perfect again. Challenge: The building didn't have a freight elevator or mechanical, and piping was from the turn of the century. Streamline's role was GC, and we self performed the millwork.	To gut renovate a studio apartment on the 5th floor.	No freight elevator or mechanical and piping that was from turn of the century. We modernized the entire space.	Dealt with a crooked ceiling and floor joists; Utilizing existing land marked windows and making them perfect again.
537	west-23rd-townhouse-2	West 23rd St. Townhouse	residential	2019-12-09 03:38:09	publish	https://www.streamlineusa.com/residential/west-23rd-townhouse-2/	Chelsea	2200	General Contractor + Millwork	Tersigni Palachek Design	Tersigni Palachek Design	ok	9	1118;1119;1120;1121;1122;1123;1124;1125;1126	538	no	990	990	990	0	0	0	0	horatio-st-townhouse-2;st-lukes-place-townhouse;west-23rd-townhouse;west-village-townhouse	A 2,200 sq ft gut renovation and modernization of a very old townhouse with backyard and mezzanine level. We digged down to make more head space in the basement level, along with modernizing the interior. Challenges: Digging out the back yard and dealing with structural cracks in the buildings facade after demolition. Post hurricane Sandy plumbing and basement work was critical to the new beautiful renovation. Streamline's role was GC, and we self performed the millwork.	To dig down and make more head space in the basement level, along with modernizing the interior.	Digging out the back yard and dealing with structural cracks in the buildings facade after demolition.	Post hurricane Sandy plumbing and basement work was critical to the new beautiful renovation.
540	e63-st-penthouse	e63rd st Penthouse	residential	2019-12-01 03:39:00	publish	https://www.streamlineusa.com/residential/e63-st-penthouse/	Lenox Hill	1700	General Contractor + Millwork	Jennifer Aderholdt Design	SWA Architecture	ok	5	541;680;681;682;683	541	yes	640	640	640	0	0	0	0	upper-east-side-penthouse;upper-east-side-penthouse__trashed;west-23rd-townhouse	A 1,700 sq ft gut renovation of an Upper East Side penthouse, 2 bedroom apartment with all custom millwork. We produced a fully customized outdoor experience, adding curves to the kitchen to allow the space to flow. One notable challenge was dealing with neighbors below during electrical upgrades and the work on the roof deck. We always worked closely with the building's super to preserve the roof membrane and warranties as we rebuilt the roof deck. Streamline's role was GC, and we self performed the millwork.	To produce a fully customized outdoor experience, adding curves to the kitchen to allow the space to flow.	Dealing with neighbors below during electrical upgrades and the work on the roof deck	Working closely with the building's super to preserve the roof membrane and warranties as we rebuilt the roof deck
546	versa-marriott	Versa at the Marriott Renaissance	commercial	2019-12-29 22:34:21	publish	https://www.streamlineusa.com/commercial/versa-marriott/	Herald Square	18000	Construction Manager	Celano Design	SRAA architecture	ok	9	1861;676;678;677;1859;1860;547;1862;1863	1861	yes	938	1920	2048	7	0	0	2	rock-reillys	Our mission was to build a mega restaurant with retractable roof Versa, in the brand new Marriott Renaissance Hotel. This included coordination of three participating design teams. A custom fabricated retractable roof was lifted in sections with a crane to the rooftop of an adjacent property for assembly before being slid into place. Large critical path items, like the retractable roof, needed to be carefully planned to coordinate with a new high rise building still under construction. Streamline's role for this project was Construction Manager.	Build Hollywood-established Rock & Reilly’s Irish pub’s new NYC flagship restaurant in the brand new Marriott Renaissance Hotel.	Coordination of three participating design teams. A custom fabricated retractable roof was lifted in sections with a crane to the rooftop of an adjacent property for assembly before being slid into place.	Large critical path items, like the retractable roof, needed to be carefully planned to coordinate with a new high rise building still under construction.
549	gunter-seeger	Gunter-Seeger	commercial	2019-12-29 22:38:07	publish	https://www.streamlineusa.com/commercial/gunter-seeger/	West Village	3300	General Contractor + Millwork	AWI Interiors	MZA Architecture	ok	7	1831;673;1832;578;1830;550;1829	1831	yes	938	1000	2048	1	0	0	1	gunter-seeger-2;my-darling-ivy-2	Streamline worked with internationally acclaimed Chef Gunter Seeger’s design team to create his first New York restaurant, designed to evoke the feeling of dining at home. We had an extremely tight time frame compounded by coordinating with the UK based design team and long lead time, custom kitchen appliances and fixtures. Identifying the client ’s vision of the desired atmosphere of the space was critical to determine framing and mechanical decisions required at the outset of the job. Streamline's role was GC, and we self performed the millwork.	Work with internationally acclaimed Chef Gunter Seeger’s design team to create his first New York restaurant designed to evoke the feeling of dining at home.	Extremely tight time frame compounded by coordinating with UK based design team and long lead time, custom kitchen appliances and fixtures.	Identifying the client ’s vision of the desired atmosphere of the space was critical to determine framing and mechanical decisions required at the outset of the job.
552	duane-street-penthouse	Duane Street Penthouse	residential	2019-12-29 22:39:58	publish	https://www.streamlineusa.com/residential/duane-street-penthouse/	Tribeca	4000	General Contractor	Dean Winters and Diana Gomez	SWA Architecture	ok	42	3293;3292;3290;3287;3297;3286;3285;3284;3283;3282;3280;3296;3295;3279;3278;3276;3275;3273;3271;3268;3265;3264;3262;3261;3260;3259;3258;3256;3255;3251;3249;3248;3246;3243;3242;3240;3238;3237;3235;3234;3228;3227	3284	yes	1066	1600	2048	8	0	0	11	duane-street-penthouse-2;mexicue	Refurbishing an existing penthouse loft and converting the space and roof-deck into the ultimate bachelor pad. Designed by owner Dean Winters and assisted by Diana Gomes interiors, every detail was carefully thought out to capture the vision. Rubber isolated sub floors and sound insulation throughout make the main floor in this mega loft ready to handle the noise of a proper NYC gathering. The Roof deck boasts a gas fire pit and outdoor shower with IPE wood surrounds on both the facade and shower enclosure as well as Nana Doors that open from end to end at the playroom and wet bar. The custom millwork is by Arte Brotto making the interiors warm and cozy. Specialty venetian plaster finishes throughout.			
555	indeed-corporate-office-suite	Indeed Corporate Office Suite	commercial	2019-12-29 22:41:26	publish	https://www.streamlineusa.com/commercial/indeed-corporate-office-suite/	Midtown	36000	Carpentry + Millwork	Indeed corporate		empty	13	658;659;655;1044;661;656;1033;1030;1032;1034;1046;1035;1042	577	no	600	1600	1920	5	0	0	5		Streamline gut renovated 36,000 sq ft on 3 floors in the Hippodrome building for a massive state of the art office space. Challenge: Working in an active corporate office building with quiet floors above and below, on a 12 week timeline. We created a strict project schedule starting at 5am, with quiet time from 9am-2pm, then working until midnight. Streamline performed the carpentry and millwork.	To create state-of-the-art corporate office interiors.	Working in an active corporate office building with quiet floors above and below, on a 12 week timeline	How to create a project schedule, while starting at 5am with quiet time from 9am-2pm, then working until midnight
558	autrium-corporate-office	Atrium Corporate Office	commercial	2019-12-29 22:43:52	publish	https://www.streamlineusa.com/commercial/autrium-corporate-office/	NoHo	5000	General Contractor + Millwork	Sam Ben avraham	Bang 3 Design	ok	5	1146;1145;1144;1143;1147	649	no	513	1431	2048	1	0	0	0	atrium-corporate-office;murray-hill-apartments	Streamline created a custom blackened steel look for a fashion company’s corporate office space. The owner realized his vision of creating a space that combined both new and old elements and styles. In the beginning, we decided to perform all welding onsite which allowed smooth installation of the featured custom steel windows. Keeping deliveries to a minimum enabled us to adhere to the rigorous schedule and finish the job on time and budget. Challenge: Complete work in a building with numerous restrictions and a tight schedule to the move-in date. Streamline's role was GC, and we self performed the millwork.	To create a custom blackened steel look for a fashion company’s corporate office space. The owner realized his vision of creating a space that combined both new and old elements and styles.	Complete work in a building with numerous restrictions and a tight schedule to the move-in date.	In the beginning, we decided to perform all welding onsite which allowed smooth installation of the featured custom steel windows. Keeping deliveries to a minimum enabled us to adhere to the rigorous schedule and finish the job on time and budget.
561	kith	KITH	commercial	2019-12-29 22:47:01	publish	https://www.streamlineusa.com/commercial/kith/	NoHo	7500	General Contractor	Snarkitecture	Snarkitecture	ok	35	632;633;635;636;637;640;641;642;644;1152;1153;1155;1156;1157;1158;1159;1160;1161;1162;1164;1165;1168;1169;1170;1171;1173;1175;1176;1177;1178;1180;1181;1182;1183;1184	641	yes	600	1920	2048	27	0	0	27		A 7,500 sq ft gut renovation of an old store on Broadway made super modern, full of customized millwork. Streamline worked with a renowned sports-fashion designer to build the New York City flagship store for state of the art footwear. We worked with an extremely creative designer and architect to bring in a top showroom.  Challenge: Extremely high ceilings and no access below. Streamline was the General Contractor for this project.	Work with a renowned sports-fashion designer to build the New York City flagship store for state of the art footwear.	Extremely high ceilings and no access below.	Working with an extremely creative designer and architect to bring in a top showroom
564	upper-east-side-townhouse	Washington Sq. Dermatology	commercial	2019-12-29 22:48:21	publish	https://www.streamlineusa.com/commercial/upper-east-side-townhouse/	West Village	2500	General Contractor	Samer Jaber	Walter Scott Architecture	ok	5	1973;565;627;628;629	1973	yes	513	1074	1695	0	0	0	0	upper-east-side-townhouse-2;washington-sq-dermatology	We converted an old living space into a fully functional modernized doctor's office. We incorporated existing building risers in this building which had been in place for over 100 years. Evolving design changes and modern finishes created a cutting edge doctors office.  Some Challenges: The location had strict noise level limits and restricted working hours to accommodate the building’s residential tenants. The project also included the installation of all new mechanicals for seven exam rooms. Streamline was the General Contractor for this project.	To convert an old living space into a fully functional modernized doctor's office.	The project had strict noise level limits and restricted working hours to accommodate the building’s residential tenants. The project also included the installation of all new mechanicals for seven exam rooms. We also incorporated existing building risers in this building which had been in place for over 100 years.	Evolving design changes and modern finishes created a cutting edge doctors office.
567	horatio-st-townhouse	Horatio St. Townhouse	residential	2019-12-11 22:50:00	publish	https://www.streamlineusa.com/residential/horatio-st-townhouse/	Meat Packing District	3200	General Contractor + Millwork	Tersigni Palachek Design	David Bae Architect	ok	16	1086;1082;1083;1078;1076;1077;1080;1081;1079;613;615;616;617;618;619;622	1083	yes	513	990	1695	0	0	0	0	east-side-townhouse-2	Streamline converted a crumbling 1850’s townhouse into a modern, energy efficient home with an inviting outdoor garden patio. Extensive structural and shoring work was required to rescue a structurally unstable building. We also did extensive re-framing on every floor to raise the ceiling height and installed a new wooden staircase. We worked closely with the client, and handled the evolving design after the demolition phase revealed unexpected work was required to successfully execute the finished space, especially within budgetary and time constraints. Streamline's role was GC, and we self performed the millwork.	Convert a crumbling 1850’s townhouse into a modern, energy efficient home with an inviting outdoor garden patio.	Extensive structural and shoring work required to rescue a structurally unstable building. Extensive re-framing on every floor to raise the ceiling height and install a new wooden staircase.	Having the client involved in review of the project plan, and handling the evolving design after the demolition phase revealed unexpected work was required to successfully execute the finished space, within budgetary and time constraints.
570	69th-st-townhouse	69th St Townhouse	residential	2019-12-11 22:53:00	publish	https://www.streamlineusa.com/residential/69th-st-townhouse/	Upper West Side	6000	General Contractor + Millwork	Fury Design	Adi Gershoni	ok	14	1097;1107;1098;1105;1103;1099;1101;1100;609;607;653;1102;1104;1106	1103	yes	1200	2048	2048	8	0	0	11	69th-st-penthouse;mint-kitchen-restaurant;upper-west-side-townhouse;upper-west-side-townhouse-2	A 6000 sq ft gut renovation of an existing 5 story townhouse. Challenges: Adding an elevator and a higher ceiling for basement level to accommodate wine cellar and tasting room. Installation of a new elevator and underpinning the foundation in cellar, only to hit water beneath the rock. We were also tasked with adding a new staircase while the project was underway, and recreating some of the existing coffered ceiling and wainscoting in the main living room. We then maintained the consistency of the existing coffered ceiling in main living room. Streamline's role was GC, and we self performed the millwork.		Installation of a new elevator and underpinning the foundation in cellar, only to hit water beneath the rock. We were also tasked with adding a new staircase while the project was underway, and recreating some of the existing coffered ceiling and wainscoting in the main living room.	Maintaining the consistency of the existing coffered ceiling in main living room.
1835	lexington-ave-townhouse	Lexington Ave Townhouse	residential	2019-12-10 17:11:00	publish	https://www.streamlineusa.com/residential/lexington-ave-townhouse/	Upper East Side	4500	General Contractor	Salvatore LaRosa	B5 Studio Architects	ok	13	1837;1853;1847;1841;1843;1842;1840;1844;1845;1846;1848;1852;1851	1837	yes	352	800	1024	0	0	0	0	upper-east-side-townhouse;upper-west-side-townhouse	A 4,500 sq foot restoration and interior upgrade of a century old townhouse formerly owned by Andy Warhol.  With new mechanicals and millwork throughout the 5 floor home, this build out was both challenging and rewarding when the finished product was unveiled.  Many of the rooms were restored to their original state but colors changed to modernize them. This has an Eggerman kitchen and the highest grade plumbing fixtures from Waterworks. Streamline was the General Contractor for this project.			
1907	sullivan-st-duplex-2	Sullivan St duplex	residential	2019-12-30 19:09:00	publish	https://www.streamlineusa.com/residential/sullivan-st-duplex-2/	SOHO	6000	Millwork + Finishes	Butter and Eggs Design	Michael Tower Architecture	ok	16	1930;1921;1923;1914;1922;1958;1916;1936;1919;1917;1937;1920;1915;1925;1926;1924	1917	yes	2048	2048	2048	16	0	0	16	sullivan-st-duplex;tribeca-loft	This duplex renovation consisted of new millwork, interior finishes throughout, electrical upgrades and light fixtures. This incredible apartment with high ceilings and vast floor space has it all. Streamline performed the interior finishes for this project.			
1931	mackage-soho	Mackage SoHo	commercial	2020-02-13 19:25:38	publish	https://www.streamlineusa.com/commercial/mackage-soho/	SoHo	4500	General Contractor	Burdifilek		empty	11	1940;1941;1942;1943;1944;1945;1946;1947;1949;1950;1951	1951	yes	1568	2048	2048	10	0	0	11	mackage-soho-2;riverside-apt-2	Full scale renovation of this SOHO retail store. New millwork, floors, cash wrap, lighting details and features throughout. Streamline was the General Contractor for this project.			
2306	e64-st-townhouse	e64th St Townhouse	residential	2020-05-12 00:00:26	publish	https://www.streamlineusa.com/residential/e64-st-townhouse/	Lenox Hill	3800	General Contractor	Virginia Tupker Interiors	MZA Architecture	ok	30	2338;2320;2327;2340;2341;2319;2325;2337;2323;2321;2318;2331;2322;2307;2315;2308;2309;2310;2311;2313;2312;2316;2317;2326;2328;2330;2333;2335;2336;2339	2338	yes	800	1200	1200	0	0	0	0	east-side-townhouse;hudson-yards-mall-2	A 3800 sq foot 90% gut renovation. The clients chose to keep some of the historical features intact for this amazing build out.  The door trims, the staircase, and the window moldings are all original and refurbished.  All new mechanicals and windows throughout modernize the project while the millwork fits in perfectly with the style of the home.  Level 5 finishing throughout and upholstered walls make this house a perfect 10. Streamline was the General Contractor for this project.			
2345	motel-23-lounge	Motel 23 Lounge	commercial	2020-05-12 00:11:41	publish	https://www.streamlineusa.com/commercial/motel-23-lounge/	Chelsea	3500	General Contractor	Colin Fuda	Atelier New York	ok	18	2346;2347;2348;2349;2351;2350;2352;2358;2353;2354;2355;2356;2357;2359;2360;2361;2362;2363	2355	yes	800	1200	1200	0	0	0	0	upper-east-side-penthouse	This iconic location has been transformed into a motel themed cocktail lounge nestled on 23rd st in the heart of Chelsea.  Owner Operator Michael Cohen’s vision combines stage shows and high end decor.  Streamline’s team of finishers created most of the millwork on site and delivered the project in record time straight through the holiday season. Streamline was the General Contractor for this project.			
2366	wainscott-east-hampton-residence	Wainscott, East Hampton Residence	residential	2020-05-12 00:20:39	publish	https://www.streamlineusa.com/residential/wainscott-east-hampton-residence/	Wainscott, East Hampton	3200	Construction Consultant	Nathalie Akiya Design		empty	15	2371;2367;2381;2380;2379;2378;2377;2376;2375;2374;2373;2372;2370;2369;2368	2371	yes	828	1792	1792	0	0	0	0		This incredible country style home was designed by owners Nathalie and John.  The wood beams and custom kitchen make the house a stunning piece of work for the Wainscott area. A 5 bedroom 6 bathroom house makes it as comfortable as it gets.  A new roof and new siding were the last items on the list, and were completed this off-season. Streamline was the General Contractor for this project.			
2384	ground-central-coffee-company	Ground Central Coffee Company	commercial	2020-05-12 00:26:29	publish	https://www.streamlineusa.com/commercial/ground-central-coffee-company/	Murray Hill	550	General Contractor	Daniel O'Connor Architects	Daniel O'Connor Architects	ok	9	2387;2385;2386;2388;2389;2390;2391;2392;2393	2387	yes	1200	1200	1200	0	0	0	0	ground-central-coffee-company-2;thompson-st-studio	This multi-location retail coffee shop operation has its own look and feel that has evolved over the years.  With may locations across the city, this 2nd Av shop has an amazing design that draws in the customers.  Ownership was very involved in the build-out process making sure we had their taste in mind when we installed all the finishes. We are very proud of how this little gem turned out! Streamline was the General Contractor for this project.			
2396	84th-st-townhouse	84th st townhouse	residential	2020-05-12 00:35:37	publish	https://www.streamlineusa.com/residential/84th-st-townhouse/	Jackson Heights	2200	General Contractor	Nathalie Akiya Design	SWA Architecture	ok	9	2400;2398;2397;2399;2401;2402;2403;2404;2405	2400	yes	1792	1792	1792	0	0	0	0	jackson-heights-townhouse;jackson-heights-townhouse-2;wyckoff-st-townhouse-2	A full gut renovation of this century old townhouse, we maximized the space and brought all the mechanicals to brand new high-tech status. A massive bathroom with steam shower and sunken tub, reclaimed wood, custom kitchen and rebuilding the front window bay are only a few of the major new features in this house.  3 bedrooms and 3 bathrooms overall. Interiors and furniture designed by owner Nathalie Akiya and co-managed by husband John Murray, this build out was one to remember. Streamline was the General Contractor for this project.			
2409	upper-west-side-apartment	Upper West Side Apartment	residential	2020-05-12 00:42:03	publish	https://www.streamlineusa.com/residential/upper-west-side-apartment/	Upper West Side	1400	General Contractor	Yael and Ori Morag	MZA Architecture	ok	8	2415;2410;2411;2412;2413;2417;2414;2416	2415	yes	900	1200	1200	0	0	0	0	jackson-heights-townhouse	This West End Ave beauty has its own NYC style.  A gut renovation that included turning a powder room into a full bathroom with a new custom kitchen brought this unique apartment to the next level in its class.  The closet with shelves for a DJ booth and classic record player gives the place a fun feel from the second you step in the door. Streamline was the General Contractor for this project.			
2425	my-darling-ivy	My Darling Ivy	commercial	2020-05-21 18:07:10	publish	https://www.streamlineusa.com/commercial/my-darling-ivy/	Chelsea	1500	General Contractor	VJ Moscaritola	Studio Stigsby	ok	32	2426;2427;2428;2429;2430;2431;2432;2433;2434;2435;2436;2437;2438;2439;2440;2441;2442;2443;2444;2445;2446;2447;2448;2449;2450;2451;2452;2453;2454;2455;2456;2457	2457	yes	799	1200	1200	0	0	0	0	5th-avenue-townhouse-2	Custom built from scratch, this boutique salon will service the West side elites.  A combination of hexagon tile integrated into the clear oak flooring and the blackened steel mirrors with custom millwork give it an industrial yet classy feel with super high ceilings.  The electric operable door takes the location to the next level of cool! Streamline was the General Contractor for this project.			
2504	12th-st-townhouse-greenwich-village	12th st townhouse	residential	2020-07-22 00:35:11	publish	https://www.streamlineusa.com/residential/12th-st-townhouse-greenwich-village/	Greenwich Village	7000	Carpentry Millwork + Finishes	Elisabeth de Kergorlay	Jacobson Sonoba	ok	12	2508;2510;2512;2513;2514;2515;2511;2507;2509;2516;2517;2518	2518	yes	640	640	640	0	0	0	0	5th-avenue-townhouse;mackage-soho	A 7000 sq ft 5 floor townhouse overlooking Washington Sq Park with a stunning IPE Roofdeck and a gorgeous blue stone back yard. This project was a full gut renovation that kept all the integrity of the original house in the brick and moldings that were landmarked. Streamline performed all the carpentry, finish carpentry and assisted in the millwork and finishes throughout.			
2520	haus-nightclub	Haus Nightclub	commercial	2020-07-22 00:41:33	publish	https://www.streamlineusa.com/commercial/haus-nightclub/	Lower Manhattan	5500	General Contractor	John Rawlins Design	SWA Architecture	ok	11	2521;2522;2523;2524;2525;2526;2527;2528;2529;2530;2531	2524	yes	880	1124	1124	0	0	0	0	atrium-corporate-office	Located at the corner of Canal St and West Broadway, this location is in the prime zone of NYC hospitality. Canal Street has come a very long way over the years and Haus nightclub has helped take it into the direction of up. This 5500 sq foot space boasts stadium seating, a custom LED chandelier and tiger eye stone bar top. Ownership spares no expense to bring the best display of finishes they could to the customers. The front doors are part o the show. Streamline's role was GC, and we self performed the millwork and finishes.			
2838	53rd-st-studio	53rd st studio	residential	2022-03-01 14:58:28	publish	https://www.streamlineusa.com/residential/53rd-st-studio/	Hell's Kitchen	750	General Contractor	LDN interiors	Lynh Nguyen	ok	16	2746;2742;2744;2738;2737;2743;2736;2735;2733;2734;2732;2730;2727;2729;2726;727	2736	yes	1027	1600	1600	0	0	0	0	hells-kitchen-apt;sullivan-st-duplex	A gut renovation of a studio apartment that transforms into an elaborate bedroom at night. With designer Lynh Nguyen touch, the millwork was carefully integrated into the layout to make the space super dynamic for the client. She utilized the window wall and the long kitchen to make this beautiful studio apartment feel like home in a crowded city like NY.			
2842	riverside-drive-apartment	Riverside Drive Apartment	residential	2022-03-01 15:00:56	publish	https://www.streamlineusa.com/residential/riverside-drive-apartment/	Morningside Heights	2900	General Contractor	Samantha Orley Interiors	MZA Architecture	ok	12	2826;2825;2823;2822;2812;2821;2820;2819;2818;2815;2814;2813	2823	yes	2048	2048	2048	12	0	0	0	haus-nightclub;riverside-apartment;riverside-apt	A gut renovation of a large scale pre war apartment overlooking the riverwalk park on the Hudson. This project was a full redesign of the existing space. The relocation of the bathrooms and kitchen were very difficult while moving the waste lines below the cinder filled sleeper boards under the floor. We outfitted a service closet to house the new high tech hvac unit and added many high gloss paint features throughout. This beauty keeps alot of the original traditional taste of the apartment while modernizing every system.			
2847	warren-st-apt	WARREN ST APT	residential	2022-03-01 15:04:14	publish	https://www.streamlineusa.com/residential/warren-st-apt/	Tribeca	2600	General Contractor	Current Interiors	Michael Tower Architecture	ok	18	2763;2781;2776;2775;2773;2771;2769;2768;2767;2764;2762;2748;2761;2759;2755;2753;2752;2751	2769	yes	1200	1200	1600	0	0	0	0	mexicue	To remodel this newly constructed penthouse and roof-deck with custom finishes and fixtures throughout. We fabricated a full scale millwork package including kitchen, vanities, and closets. The construction brought the client, architect and designers vision to life. On the roof, a 2000 sq foot deck with pavers, gas fire pit and a kid play area with stunning views of the west side and Hudson.			
2850	hudson-yards-mall	Hudson Yards Mall	commercial	2022-03-01 15:06:56	publish	https://www.streamlineusa.com/commercial/hudson-yards-mall/	Hudson Yards	3500	General Contractor	Jack Mazzolla		empty	18	2718;2717;2716;2715;2714;2713;2711;2710;2709;2706;2694;2705;2704;2702;2700;2699;2697;2696	2702	yes	2048	2048	2048	18	0	0	18	washington-sq-dermatology	To simultaneously build two stores at the same time.This all happened during the last minute crunch time and launch of the new Hudson Yards Mall. Our first and larger sized project Jack's Stir Brew coffee was not easy. Tying in to building systems and working with the buildings liaisons for access and qualifications. Our second and small project being the Body Shop retail store. As a GC, we were lucky to have both projects kick off and finish at the same time.			
2853	vivvi-daycare-hudson-yards	Vivvi Daycare Hudson Yards	commercial	2022-03-01 15:10:23	publish	https://www.streamlineusa.com/commercial/vivvi-daycare-hudson-yards/	Hudson Yards	7500	General Contractor	Eleven of Eleven design	Carol Gretter Elven of Eleven architecture	ok	33	2693;2692;2691;2690;2689;2688;2684;2683;2682;2681;2679;2677;2674;2673;2672;2671;2669;2654;2668;2667;2666;2665;2664;2663;2662;2661;2660;2659;2658;2657;2656;2653;2652	2652	yes	2048	2048	2048	33	0	0	33	ground-central-coffee-company;vivvi-daycare-2	To build out one of the most high profile storefront locations in the city. This awesome space came stubbed out and wide open ready for construction. We added a massive floor detail which included wall to wall waterproofing and a liquid membrane below the sub floor. This space, located across from the Jacob Javitz center, is the center point of hudson yards development. We added sona spray sound insulation to the entire ceiling and brought in all of Vivvi Day Cares signiture looks and millwork creating one of the best day care's in the city.			
2860	wyckoff-townhouse	Wyckoff Townhouse	residential	2018-03-20 20:26:00	publish	https://www.streamlineusa.com/residential/wyckoff-townhouse/	Boerum Hill	4500	General Contractor	Current Interiors	Rachel Kane & Xandro Aventajado	ok	12	2811;2810;2809;2808;2807;2805;2804;2803;2802;2801;2800;2799	2811	yes	2048	2048	2048	12	0	0	12	hudson-street-penthouse;wyckoff-st-townhouse	To gut renovate the garden floor, outfit with all new millwork and refinish all of the upper floors. The floors were sanded throughout so the colors matched on the older and new floor areas. We did a full level 5 paint job which included the stairs, moldings and doors throughout. There was installation of new recessed lighting in all the areas on the main floor as well as relocation of the AV system for the house. This classic century-old Brooklyn townhouse looks brand new!			
3349	mexicue	Mexicue	commercial	2022-04-01 02:04:11	publish	https://www.streamlineusa.com/commercial/mexicue/	NoHo	3500	General Contractor	Treehouse Designs	SWA Architecture	ok	19	1003;1002;1001;1000;999;998;997;996;995;994;993;992;990;669;668;667;666;665;553	553	yes	970	2048	2048	13	0	0	13		This project involved a gut renovation of an existing Chelsea restaurant. We helped bring life to an old and outdated restaurant and transformed it into the customized look of the well established brand. Challenge: Working street side on 8th ave next to a school district on a very busy corner. Streamline was the General Contractor for this project.			
3364	w23rd-st-duplex	w23rd st duplex	residential	2022-04-01 04:18:18	publish	https://www.streamlineusa.com/residential/w23rd-st-duplex/	Chelsea	1850	General Contractor	Patricia Pericas	Studio MDA	ok	10	3377;3368;3375;3370;3373;3376;3374;3372;3371;3369	3377	yes	768	1536	1536	0	0	0	0		A full gut renovation and modernization of an apartment with a lower level and balcony. A beautiful mix of modern and traditional style with exquisite Brazilian marble stone countertops in the kitchen and wall slabs in the master bathroom. The custom kitchen with black stained sequenced oak is stunning and the teak grid ceilings in both bathrooms are as unique as it gets.			
3392	11th-ave-apt	11th ave Apt	residential	2022-04-06 19:30:39	publish	https://www.streamlineusa.com/residential/11th-ave-apt/	West Village	2200	General Contractor	Cetra Ruddy	Cetra Ruddy	ok	18	3409;3407;3408;3404;3417;3403;3401;3398;3418;3397;3396;3395;3406;3399;3394;3393;3400;3405	3397	yes	1707	2048	2048	13	0	0	18		A major upgrade to this riverfront apartment with incredible views.  The clients chose a custom Boffi kitchen accompanied by a stunning wall unit that makes spending quality time in the kitchen like a dream.  Check out the super unique wood floor that gives this apartment way over the top.			
3432	700-park-ave	700 Park Ave	residential	2023-05-29 21:14:12	publish	https://www.streamlineusa.com/residential/700-park-ave/	Upper East Side	2800	General Contractor	Irene Pappas	Jorge Porta GDSNY architecture	ok	18	3743;3744;3727;3753;3731;3732;3734;3737;3740;3724;3741;3759;3745;3750;3751;3756;3757;3763	3749	no	1280	1920	1920	16	0	0	18		The stunning Park Ave duplex with terrace has been passed down from generation to generation.  Designer Irene Pappas captures all the amazing sunlight and accents it with the white background throughout the beautifully laid out floor plan.  Custom stairs with brass Julius Bloom balusters and handrail turn the entrance into a masterpiece.   Inlays in the tile floor and wall to wall marble slabs in the primary bathroom are book matched to perfection. The Level 5 finishing through and the accents on the terrace make this apartment one of a kind. \n\n			
3451	bad-roman-columbus-circle-mall	Bad Roman	commercial	2023-05-29 21:23:48	publish	https://www.streamlineusa.com/commercial/bad-roman-columbus-circle-mall/	Columbus Circle Mall	12500	General Contractor/Design Build	Michael Stillman	GRT Architects LLP	ok	47	3622;3618;3624;3629;3612;3613;3617;3619;3621;3635;3623;3611;3625;3632;3633;3637;3627;3628;3630;3631;3634;3642;3638;3640;3641;3645;3646;3647;3648;3649;3650;3651;3653;3654;3655;3656;3662;3657;3665;3658;3659;3663;3660;3661;3666;3667;3668	3660	yes	1920	1920	1920	47	0	0	47		This flagship restaurant is located on Central Park West at 10 Columbus Mall. Industry powerhouse Quality Branded has delivered its newest concept with the same high end characteristics of its many restaurants across the city. The mission was to build out this existing location and take the dining experience over the top. With this concept and all the custom finishes...it is just that! Streamline USA delivered this design build in 6 months from the start date.			
3454	92-laight-st	92 Laight St	residential	2023-05-29 21:27:53	publish	https://www.streamlineusa.com/residential/92-laight-st/	Tribeca	2400	General Contractor	Holly Jonsson Design	None Involved	pseudo-blank	19	3574;3556;3557;3558;3559;3563;3566;3569;3571;3579;3572;3575;3576;3581;3587;3589;3583;3597;3598	3598	yes	1280	1920	1920	17	0	0	19		92 Laight St was a turn of the century building until it was modernized. This 3 bedroom 3 bathroom apartment has beautiful views of the Hudson and very high end finishes.  This full apartment upgrade was a very fast paced project which took place over the summer months.  The time frame was set forth by the building rules and regs.			
3467	ketchy-shubby	Ketchy Shuby	commercial	2023-05-29 21:41:18	publish	https://www.streamlineusa.com/commercial/ketchy-shubby/	SoHo: 406 Broome St	7500	General Contractor	Dimitri Hyacinthe Interiors	RIP Consulting Steve Salveson	ok	23	3698;3683;3685;3686;3687;3688;3691;3693;3694;3695;3697;3700;3701;3702;3703;3705;3706;3707;3708;3709;3710;3711;3713	3707	yes	1282	1920	1920	22	0	0	23		Bringing lounge and late night restaurant life back to SoHo in a big way, Ketchy Shuby is an amazing new concept by owner operator Jamie Mulholland and his team. This group will deliver a late night dining experience along with a premium lounge experience in the cellar. The concept comes together with the massive tree in the dining room and the roots appearing on the ceiling of the cellar. Streamline USA worked closely with ownership and design team to capture the ultimate good vibes in the build out.			
3487	40-e66th-st	40 e66th st	residential	2023-05-29 21:46:30	publish	https://www.streamlineusa.com/residential/40-e66th-st/	Upper East Side	2803	General Contractor	Ximena Rodriguez of CR	Cetra Ruddy	ok	19	3926;3924;3925;3927;3928;3929;3932;3933;3942;3934;3943;3935;3936;3938;3939;3940;3941;3930;3931	3926	yes	2048	2048	2048	19	19	0	0		Just off Madison ave in the heart of the shopping zone, this upper east side apartment has everythig a family can wish for.  A 3 bed 3.5 bathroom with coffee bar, formal and informal living rooms, office and incredible galley kichen, this apartment is a dream for the famioy on the go.   CetraRuddy designed this beautiful modern look and captured every detail in the roll out.  Bendheim glass, exquisite artwork and high end furniture bring it all togehter.			
3490	652-hudson-st	652 Hudson st	residential	2023-05-29 21:49:10	publish	https://www.streamlineusa.com/residential/652-hudson-st/	Meatpacking District	1800	General Contractor	Angela Redei	Built In Studios	ok	21	3898;3899;3900;3901;3902;3903;3904;3905;3906;3907;3908;3909;3910;3911;3912;3913;3914;3915;3916;3917;3918	3916	yes	2048	2048	2048	21	21	0	0		Located just steps away from what many consider the center of the universe, the corner of 14th st and Hudson st in the meat packing district has old NY charachter with cobble stone streets and pre war buildings, combined with the new tech buildings such as apple.  This Hudson St loft brings decades of charachter back to brand new look and feel.  Built-in studios worked hand in hand with the owner and designer to capture every detail in the space.  Exposed beams and the newly installed window openings create the stunning loft appeal.		Located just steps away from what many consider the center of the universe, the corner of 14th st and Hudson st in the meat packing district has old NY charachter with cobble stone streets and pre war buildings, combined with the new tech buildings such as apple.  This Hudson St loft brings decades of charachter back to brand new look and feel.  Built-in studios worked hand in hand with the owner and designer to capture every detail in the space.  Exposed beams and the newly installed window openings create the stunning loft appeal.	
3493	momofuku-noodle-bar-171-1st-ave	Momofuku Noodle Bar	commercial	2023-05-29 21:50:54	publish	https://www.streamlineusa.com/commercial/momofuku-noodle-bar-171-1st-ave/	East Village	3500	General Contractor	Richard Lewis	Richard Lewis	ok	16	3799;3801;3802;3803;3804;3807;3808;3809;3811;3812;3815;3817;3818;3819;3820;3821	3819	yes	1920	1920	1920	16	0	0	16		Rebuild and refresh was the mission for this decade old establishment.  Every inch of the front of house and back of house was rebuilt up to modern standards and code with all new requirements.  Our team had to break down the kitchen, fully demo the tile floor, level the beams and reinstall every inch in record time.  Along the way, we sanded and stained all the walls and bar, updated all the electrical and plumbing, and made major improvements with a new HVAC system throughout.  \n			
3496	262-mott-st	262 Mott St	residential	2023-05-29 21:52:26	publish	https://www.streamlineusa.com/residential/262-mott-st/	SoHo	1598	General Contractor	Matthew Weiner	None Involved	pseudo-blank	22	3766;3770;3776;3771;3769;3772;3773;3775;3778;3779;3781;3782;3784;3785;3786;3791;3787;3788;3789;3790;3793;3794	3789	yes	1920	1920	1920	22	0	0	22		This stunning soho classic style loft was very far along before being purchased by the new owner.  With his direction, Streamline professionals replaced many of the finishes as well as updated the mechanical systems in the flat The beams and floors add tons of charm while keeping the old school design.			
3946	795-5th-ave-the-pierre	795 5th ave The Pierre	residential	2023-10-18 19:08:51	publish	https://www.streamlineusa.com/residential/795-5th-ave-the-pierre/	5th Ave	1500	General Contractor	Ryan Korbin Studios	Built-in Studios	ok	16	3969;3970;3971;3972;3973;3974;3975;3976;3977;3978;3979;3980;3981;3982;3983;3984	3984	yes	2048	2048	2048	16	16	0	0		With views across Central Park, this 5th avenue stunner is nothing short of spectacular in both design and architecture.  The Pierre Hotel has its residencies at the top floors and this 2 bedroom has super high end features throughout.  The metal cladded galley kitchen consists of brass wrapped cabinets, glass and metal suspended shelves and beautiful sequence matched stone.  The wall coverings and  custom moldings have a French appeal while the floors looking like something out of a story book.  The team at Streamline USA took great care in bringing the design teams vision to life.  And it shows!			
3966	lantern-house	Lantern House	residential	2023-10-18 19:15:54	publish	https://www.streamlineusa.com/residential/lantern-house/	Chelsea	4200	General Contractor	Catalina Castaneo interiors	None	pseudo-blank	16	3962;3961;3960;3959;3958;3957;3956;3955;3954;3953;3952;3951;3950;3949;3948;3947	3956	yes	2048	2048	2048	16	16	0	0		PH10 with rooftop deck and stunning views is a dream come true in the Chelsea area.  This incredible building rests up against the highline and has the most distinguishable floor to ceiling windows in the city.  Designer Catalina Castaneo redesigned this entire 4 bedroom apartment and roof to perfection.  Venetian plaster, new millwork, and all the features on the roof make this a top shelf feature in the building. \n			
